date,symbol,close
2021-09-15,DEMO-VTI,213.72
2021-09-15,DEMO-VOO,421.39
2021-09-15,DEMO-BND,84.24
2021-09-15,DEMO-AAPL,155.1
2021-09-15,DEMO-MSFT,322.72
2021-09-15,DEMO-GOOGL,153.14
2021-09-15,DEMO-AMZN,193.9
2021-09-15,DEMO-JNJ,175.09
2021-09-15,DEMO-PG,145.82
2021-09-15,DEMO-KO,57.45
2021-09-15,DEMO-XOM,67.99
2021-09-15,DEMO-CVX,117.72
2021-09-15,DEMO-JPM,170.53
2021-09-15,DEMO-BAC,44.31
2021-09-15,DEMO-HD,329.57
2021-09-15,DEMO-WMT,48.93
2021-09-15,DEMO-DIS,191.45
2021-09-15,DEMO-V,238.3
2021-09-15,DEMO-MA,375.16
2021-09-15,DEMO-UNH,424.32
2021-09-15,DEMO-COST,465.5
2021-09-15,DEMO-PEP,171.79
2021-09-15,DEMO-META,382.94
2021-09-15,DEMO-NVDA,263.98
2021-09-15,DEMO-TSLA,316.11
2021-10-15,DEMO-VTI,221.22
2021-10-15,DEMO-VOO,427.26
2021-10-15,DEMO-BND,83.19
2021-10-15,DEMO-AAPL,164.12
2021-10-15,DEMO-MSFT,329.96
2021-10-15,DEMO-GOOGL,147.78
2021-10-15,DEMO-AMZN,179.24
2021-10-15,DEMO-JNJ,171.42
2021-10-15,DEMO-PG,143.42
2021-10-15,DEMO-KO,58.87
2021-10-15,DEMO-XOM,71.62
2021-10-15,DEMO-CVX,118.59
2021-10-15,DEMO-JPM,166.91
2021-10-15,DEMO-BAC,41.84
2021-10-15,DEMO-HD,317.87
2021-10-15,DEMO-WMT,50.38
2021-10-15,DEMO-DIS,193.53
2021-10-15,DEMO-V,239.18
2021-10-15,DEMO-MA,370.74
2021-10-15,DEMO-UNH,404.15
2021-10-15,DEMO-COST,457.19
2021-10-15,DEMO-PEP,174.63
2021-10-15,DEMO-META,384.25
2021-10-15,DEMO-NVDA,237.51
2021-10-15,DEMO-TSLA,247.13
2021-11-15,DEMO-VTI,225.72
2021-11-15,DEMO-VOO,425.49
2021-11-15,DEMO-BND,81.65
2021-11-15,DEMO-AAPL,162.12
2021-11-15,DEMO-MSFT,321.53
2021-11-15,DEMO-GOOGL,133.66
2021-11-15,DEMO-AMZN,159.88
2021-11-15,DEMO-JNJ,167.47
2021-11-15,DEMO-PG,141.58
2021-11-15,DEMO-KO,59.65
2021-11-15,DEMO-XOM,70.95
2021-11-15,DEMO-CVX,113.35
2021-11-15,DEMO-JPM,158.63
2021-11-15,DEMO-BAC,38.96
2021-11-15,DEMO-HD,307.62
2021-11-15,DEMO-WMT,51.21
2021-11-15,DEMO-DIS,176.25
2021-11-15,DEMO-V,235.35
2021-11-15,DEMO-MA,361.44
2021-11-15,DEMO-UNH,382.96
2021-11-15,DEMO-COST,451.07
2021-11-15,DEMO-PEP,175.85
2021-11-15,DEMO-META,334.57
2021-11-15,DEMO-NVDA,191.87
2021-11-15,DEMO-TSLA,196.91
2021-12-15,DEMO-VTI,226.21
2021-12-15,DEMO-VOO,417.56
2021-12-15,DEMO-BND,80.39
2021-12-15,DEMO-AAPL,151.47
2021-12-15,DEMO-MSFT,304.05
2021-12-15,DEMO-GOOGL,126.11
2021-12-15,DEMO-AMZN,151.49
2021-12-15,DEMO-JNJ,164.4
2021-12-15,DEMO-PG,140.97
2021-12-15,DEMO-KO,59.57
2021-12-15,DEMO-XOM,66.43
2021-12-15,DEMO-CVX,104.68
2021-12-15,DEMO-JPM,151.21
2021-12-15,DEMO-BAC,37.49
2021-12-15,DEMO-HD,303.57
2021-12-15,DEMO-WMT,51.26
2021-12-15,DEMO-DIS,156.12
2021-12-15,DEMO-V,228.97
2021-12-15,DEMO-MA,352.06
2021-12-15,DEMO-UNH,371.94
2021-12-15,DEMO-COST,450.67
2021-12-15,DEMO-PEP,175.26
2021-12-15,DEMO-META,286.91
2021-12-15,DEMO-NVDA,197.73
2021-12-15,DEMO-TSLA,236.77
2022-01-15,DEMO-VTI,222.97
2022-01-15,DEMO-VOO,406.95
2022-01-15,DEMO-BND,80.07
2022-01-15,DEMO-AAPL,141.21
2022-01-15,DEMO-MSFT,289.66
2022-01-15,DEMO-GOOGL,134.08
2022-01-15,DEMO-AMZN,161.68
2022-01-15,DEMO-JNJ,163.16
2022-01-15,DEMO-PG,141.91
2022-01-15,DEMO-KO,58.71
2022-01-15,DEMO-XOM,60.33
2022-01-15,DEMO-CVX,96.9
2022-01-15,DEMO-JPM,149.7
2022-01-15,DEMO-BAC,38.42
2022-01-15,DEMO-HD,308.16
2022-01-15,DEMO-WMT,50.64
2022-01-15,DEMO-DIS,152.3
2022-01-15,DEMO-V,223.22
2022-01-15,DEMO-MA,347.53
2022-01-15,DEMO-UNH,377.63
2022-01-15,DEMO-COST,457.79
2022-01-15,DEMO-PEP,173.16
2022-01-15,DEMO-META,293.56
2022-01-15,DEMO-NVDA,256.27
2022-01-15,DEMO-TSLA,313.61
2022-02-15,DEMO-VTI,217.49
2022-02-15,DEMO-VOO,398.04
2022-02-15,DEMO-BND,80.91
2022-02-15,DEMO-AAPL,140.23
2022-02-15,DEMO-MSFT,288.97
2022-02-15,DEMO-GOOGL,151.07
2022-02-15,DEMO-AMZN,184.06
2022-02-15,DEMO-JNJ,164.2
2022-02-15,DEMO-PG,144.32
2022-02-15,DEMO-KO,57.48
2022-02-15,DEMO-XOM,55.69
2022-02-15,DEMO-CVX,93.97
2022-02-15,DEMO-JPM,155.78
2022-02-15,DEMO-BAC,41.35
2022-02-15,DEMO-HD,320.54
2022-02-15,DEMO-WMT,49.66
2022-02-15,DEMO-DIS,167.54
2022-02-15,DEMO-V,221.1
2022-02-15,DEMO-MA,351.03
2022-02-15,DEMO-UNH,398.82
2022-02-15,DEMO-COST,471.86
2022-02-15,DEMO-PEP,170.25
2022-02-15,DEMO-META,353.11
2022-02-15,DEMO-NVDA,294.48
2022-02-15,DEMO-TSLA,322.6
2022-03-15,DEMO-VTI,211.98
2022-03-15,DEMO-VOO,394.78
2022-03-15,DEMO-BND,82.58
2022-03-15,DEMO-AAPL,150.56
2022-03-15,DEMO-MSFT,304.74
2022-03-15,DEMO-GOOGL,161.35
2022-03-15,DEMO-AMZN,202.93
2022-03-15,DEMO-JNJ,167.37
2022-03-15,DEMO-PG,147.74
2022-03-15,DEMO-KO,56.42
2022-03-15,DEMO-XOM,54.92
2022-03-15,DEMO-CVX,97.6
2022-03-15,DEMO-JPM,166.66
2022-03-15,DEMO-BAC,44.7
2022-03-15,DEMO-HD,336.88
2022-03-15,DEMO-WMT,48.75
2022-03-15,DEMO-DIS,185.62
2022-03-15,DEMO-V,224.29
2022-03-15,DEMO-MA,362.72
2022-03-15,DEMO-UNH,426.95
2022-03-15,DEMO-COST,490.06
2022-03-15,DEMO-PEP,167.46
2022-03-15,DEMO-META,410.65
2022-03-15,DEMO-NVDA,264.94
2022-03-15,DEMO-TSLA,252.21
2022-04-15,DEMO-VTI,208.7
2022-04-15,DEMO-VOO,399.36
2022-04-15,DEMO-BND,84.37
2022-04-15,DEMO-AAPL,165.7
2022-04-15,DEMO-MSFT,330.04
2022-04-15,DEMO-GOOGL,155.7
2022-04-15,DEMO-AMZN,204.98
2022-04-15,DEMO-JNJ,171.94
2022-04-15,DEMO-PG,151.41
2022-04-15,DEMO-KO,56.0
2022-04-15,DEMO-XOM,58.61
2022-04-15,DEMO-CVX,106.46
2022-04-15,DEMO-JPM,176.68
2022-04-15,DEMO-BAC,46.61
2022-04-15,DEMO-HD,351.74
2022-04-15,DEMO-WMT,48.33
2022-04-15,DEMO-DIS,187.63
2022-04-15,DEMO-V,232.43
2022-04-15,DEMO-MA,379.6
2022-04-15,DEMO-UNH,450.13
2022-04-15,DEMO-COST,508.25
2022-04-15,DEMO-PEP,165.69
2022-04-15,DEMO-META,412.06
2022-04-15,DEMO-NVDA,214.04
2022-04-15,DEMO-TSLA,200.96
2022-05-15,DEMO-VTI,209.24
2022-05-15,DEMO-VOO,411.51
2022-05-15,DEMO-BND,85.49
2022-05-15,DEMO-AAPL,175.34
2022-05-15,DEMO-MSFT,352.18
2022-05-15,DEMO-GOOGL,140.82
2022-05-15,DEMO-AMZN,189.48
2022-05-15,DEMO-JNJ,176.8
2022-05-15,DEMO-PG,154.51
2022-05-15,DEMO-KO,56.47
2022-05-15,DEMO-XOM,65.28
2022-05-15,DEMO-CVX,116.71
2022-05-15,DEMO-JPM,180.62
2022-05-15,DEMO-BAC,46.07
2022-05-15,DEMO-HD,360.23
2022-05-15,DEMO-WMT,48.68
2022-05-15,DEMO-DIS,170.88
2022-05-15,DEMO-V,243.28
2022-05-15,DEMO-MA,396.64
2022-05-15,DEMO-UNH,458.63
2022-05-15,DEMO-COST,522.18
2022-05-15,DEMO-PEP,165.57
2022-05-15,DEMO-META,358.78
2022-05-15,DEMO-NVDA,220.57
2022-05-15,DEMO-TSLA,241.63
2022-06-15,DEMO-VTI,213.99
2022-06-15,DEMO-VOO,428.55
2022-06-15,DEMO-BND,85.5
2022-06-15,DEMO-AAPL,173.2
2022-06-15,DEMO-MSFT,360.08
2022-06-15,DEMO-GOOGL,132.86
2022-06-15,DEMO-AMZN,169.02
2022-06-15,DEMO-JNJ,180.77
2022-06-15,DEMO-PG,156.36
2022-06-15,DEMO-KO,57.73
2022-06-15,DEMO-XOM,72.03
2022-06-15,DEMO-CVX,123.85
2022-06-15,DEMO-JPM,176.78
2022-06-15,DEMO-BAC,43.5
2022-06-15,DEMO-HD,359.83
2022-06-15,DEMO-WMT,49.81
2022-06-15,DEMO-DIS,151.36
2022-06-15,DEMO-V,253.5
2022-06-15,DEMO-MA,408.65
2022-06-15,DEMO-UNH,449.53
2022-06-15,DEMO-COST,528.93
2022-06-15,DEMO-PEP,167.3
2022-06-15,DEMO-META,307.68
2022-06-15,DEMO-NVDA,285.88
2022-06-15,DEMO-TSLA,320.05
2022-07-15,DEMO-VTI,222.01
2022-07-15,DEMO-VOO,446.17
2022-07-15,DEMO-BND,84.44
2022-07-15,DEMO-AAPL,161.83
2022-07-15,DEMO-MSFT,350.88
2022-07-15,DEMO-GOOGL,141.27
2022-07-15,DEMO-AMZN,160.15
2022-07-15,DEMO-JNJ,182.89
2022-07-15,DEMO-PG,156.62
2022-07-15,DEMO-KO,59.36
2022-07-15,DEMO-XOM,75.88
2022-07-15,DEMO-CVX,124.77
2022-07-15,DEMO-JPM,168.01
2022-07-15,DEMO-BAC,40.51
2022-07-15,DEMO-HD,351.4
2022-07-15,DEMO-WMT,51.53
2022-07-15,DEMO-DIS,147.66
2022-07-15,DEMO-V,259.96
2022-07-15,DEMO-MA,412.31
2022-07-15,DEMO-UNH,428.16
2022-07-15,DEMO-COST,527.81
2022-07-15,DEMO-PEP,170.58
2022-07-15,DEMO-META,314.81
2022-07-15,DEMO-NVDA,328.49
2022-07-15,DEMO-TSLA,329.23
2022-08-15,DEMO-VTI,231.29
2022-08-15,DEMO-VOO,459.86
2022-08-15,DEMO-BND,82.87
2022-08-15,DEMO-AAPL,150.86
2022-08-15,DEMO-MSFT,331.8
2022-08-15,DEMO-GOOGL,159.16
2022-08-15,DEMO-AMZN,170.92
2022-08-15,DEMO-JNJ,182.69
2022-08-15,DEMO-PG,155.38
2022-08-15,DEMO-KO,60.83
2022-08-15,DEMO-XOM,75.17
2022-08-15,DEMO-CVX,119.25
2022-08-15,DEMO-JPM,160.15
2022-08-15,DEMO-BAC,38.98
2022-08-15,DEMO-HD,338.93
2022-08-15,DEMO-WMT,53.4
2022-08-15,DEMO-DIS,162.44
2022-08-15,DEMO-V,260.91
2022-08-15,DEMO-MA,407.46
2022-08-15,DEMO-UNH,405.72
2022-08-15,DEMO-COST,520.69
2022-08-15,DEMO-PEP,174.68
2022-08-15,DEMO-META,378.67
2022-08-15,DEMO-NVDA,295.55
2022-08-15,DEMO-TSLA,257.39
2022-09-15,DEMO-VTI,239.41
2022-09-15,DEMO-VOO,466.27
2022-09-15,DEMO-BND,81.59
2022-09-15,DEMO-AAPL,149.81
2022-09-15,DEMO-MSFT,316.1
2022-09-15,DEMO-GOOGL,169.99
2022-09-15,DEMO-AMZN,194.59
2022-09-15,DEMO-JNJ,180.34
2022-09-15,DEMO-PG,153.11
2022-09-15,DEMO-KO,61.64
2022-09-15,DEMO-XOM,70.38
2022-09-15,DEMO-CVX,110.13
2022-09-15,DEMO-JPM,158.56
2022-09-15,DEMO-BAC,39.95
2022-09-15,DEMO-HD,327.99
2022-09-15,DEMO-WMT,54.98
2022-09-15,DEMO-DIS,179.96
2022-09-15,DEMO-V,256.74
2022-09-15,DEMO-MA,397.24
2022-09-15,DEMO-UNH,394.04
2022-09-15,DEMO-COST,511.39
2022-09-15,DEMO-PEP,178.67
2022-09-15,DEMO-META,440.38
2022-09-15,DEMO-NVDA,238.76
2022-09-15,DEMO-TSLA,205.08
2022-10-15,DEMO-VTI,244.27
2022-10-15,DEMO-VOO,464.34
2022-10-15,DEMO-BND,81.27
2022-10-15,DEMO-AAPL,160.85
2022-10-15,DEMO-MSFT,315.35
2022-10-15,DEMO-GOOGL,164.04
2022-10-15,DEMO-AMZN,214.53
2022-10-15,DEMO-JNJ,176.57
2022-10-15,DEMO-PG,150.59
2022-10-15,DEMO-KO,61.55
2022-10-15,DEMO-XOM,63.92
2022-10-15,DEMO-CVX,101.94
2022-10-15,DEMO-JPM,164.99
2022-10-15,DEMO-BAC,42.99
2022-10-15,DEMO-HD,323.67
2022-10-15,DEMO-WMT,55.88
2022-10-15,DEMO-DIS,181.92
2022-10-15,DEMO-V,249.77
2022-10-15,DEMO-MA,386.93
2022-10-15,DEMO-UNH,400.07
2022-10-15,DEMO-COST,504.54
2022-10-15,DEMO-PEP,181.61
2022-10-15,DEMO-META,441.89
2022-10-15,DEMO-NVDA,246.05
2022-10-15,DEMO-TSLA,246.59
2022-11-15,DEMO-VTI,244.8
2022-11-15,DEMO-VOO,455.69
2022-11-15,DEMO-BND,82.12
2022-11-15,DEMO-AAPL,177.02
2022-11-15,DEMO-MSFT,332.55
2022-11-15,DEMO-GOOGL,148.37
2022-11-15,DEMO-AMZN,216.7
2022-11-15,DEMO-JNJ,172.49
2022-11-15,DEMO-PG,148.66
2022-11-15,DEMO-KO,60.66
2022-11-15,DEMO-XOM,59.0
2022-11-15,DEMO-CVX,98.86
2022-11-15,DEMO-JPM,176.51
2022-11-15,DEMO-BAC,46.47
2022-11-15,DEMO-HD,328.57
2022-11-15,DEMO-WMT,55.94
2022-11-15,DEMO-DIS,165.68
2022-11-15,DEMO-V,243.5
2022-11-15,DEMO-MA,381.95
2022-11-15,DEMO-UNH,422.51
2022-11-15,DEMO-COST,504.1
2022-11-15,DEMO-PEP,182.88
2022-11-15,DEMO-META,384.75
2022-11-15,DEMO-NVDA,318.9
2022-11-15,DEMO-TSLA,326.62
2022-12-15,DEMO-VTI,241.3
2022-12-15,DEMO-VOO,444.1
2022-12-15,DEMO-BND,83.82
2022-12-15,DEMO-AAPL,187.32
2022-12-15,DEMO-MSFT,360.16
2022-12-15,DEMO-GOOGL,139.98
2022-12-15,DEMO-AMZN,200.32
2022-12-15,DEMO-JNJ,169.33
2022-12-15,DEMO-PG,148.02
2022-12-15,DEMO-KO,59.39
2022-12-15,DEMO-XOM,58.18
2022-12-15,DEMO-CVX,102.68
2022-12-15,DEMO-JPM,187.12
2022-12-15,DEMO-BAC,48.45
2022-12-15,DEMO-HD,341.77
2022-12-15,DEMO-WMT,55.27
2022-12-15,DEMO-DIS,146.75
2022-12-15,DEMO-V,241.19
2022-12-15,DEMO-MA,385.8
2022-12-15,DEMO-UNH,452.32
2022-12-15,DEMO-COST,512.07
2022-12-15,DEMO-PEP,182.27
2022-12-15,DEMO-META,329.95
2022-12-15,DEMO-NVDA,366.44
2022-12-15,DEMO-TSLA,335.99
2023-01-15,DEMO-VTI,235.37
2023-01-15,DEMO-VOO,434.38
2023-01-15,DEMO-BND,85.63
2023-01-15,DEMO-AAPL,185.03
2023-01-15,DEMO-MSFT,384.32
2023-01-15,DEMO-GOOGL,148.83
2023-01-15,DEMO-AMZN,178.68
2023-01-15,DEMO-JNJ,168.05
2023-01-15,DEMO-PG,149.0
2023-01-15,DEMO-KO,58.29
2023-01-15,DEMO-XOM,62.09
2023-01-15,DEMO-CVX,112.0
2023-01-15,DEMO-JPM,191.3
2023-01-15,DEMO-BAC,47.9
2023-01-15,DEMO-HD,359.19
2023-01-15,DEMO-WMT,54.19
2023-01-15,DEMO-DIS,143.16
2023-01-15,DEMO-V,244.67
2023-01-15,DEMO-MA,398.65
2023-01-15,DEMO-UNH,476.87
2023-01-15,DEMO-COST,527.79
2023-01-15,DEMO-PEP,180.08
2023-01-15,DEMO-META,337.59
2023-01-15,DEMO-NVDA,329.69
2023-01-15,DEMO-TSLA,262.67
2023-02-15,DEMO-VTI,229.4
2023-02-15,DEMO-VOO,430.83
2023-02-15,DEMO-BND,86.77
2023-02-15,DEMO-AAPL,172.89
2023-02-15,DEMO-MSFT,392.95
2023-02-15,DEMO-GOOGL,167.69
2023-02-15,DEMO-AMZN,169.31
2023-02-15,DEMO-JNJ,169.13
2023-02-15,DEMO-PG,151.54
2023-02-15,DEMO-KO,57.86
2023-02-15,DEMO-XOM,69.16
2023-02-15,DEMO-CVX,122.79
2023-02-15,DEMO-JPM,187.23
2023-02-15,DEMO-BAC,45.22
2023-02-15,DEMO-HD,375.04
2023-02-15,DEMO-WMT,53.2
2023-02-15,DEMO-DIS,157.49
2023-02-15,DEMO-V,253.55
2023-02-15,DEMO-MA,417.2
2023-02-15,DEMO-UNH,485.88
2023-02-15,DEMO-COST,548.16
2023-02-15,DEMO-PEP,177.06
2023-02-15,DEMO-META,406.08
2023-02-15,DEMO-NVDA,266.34
2023-02-15,DEMO-TSLA,209.3
2023-03-15,DEMO-VTI,225.85
2023-03-15,DEMO-VOO,435.82
2023-03-15,DEMO-BND,86.78
2023-03-15,DEMO-AAPL,161.17
2023-03-15,DEMO-MSFT,382.91
2023-03-15,DEMO-GOOGL,179.09
2023-03-15,DEMO-AMZN,180.69
2023-03-15,DEMO-JNJ,172.39
2023-03-15,DEMO-PG,155.13
2023-03-15,DEMO-KO,58.35
2023-03-15,DEMO-XOM,76.31
2023-03-15,DEMO-CVX,130.3
2023-03-15,DEMO-JPM,177.95
2023-03-15,DEMO-BAC,42.11
2023-03-15,DEMO-HD,384.1
2023-03-15,DEMO-WMT,52.74
2023-03-15,DEMO-DIS,174.48
2023-03-15,DEMO-V,265.38
2023-03-15,DEMO-MA,435.93
2023-03-15,DEMO-UNH,476.24
2023-03-15,DEMO-COST,568.5
2023-03-15,DEMO-PEP,174.16
2023-03-15,DEMO-META,472.25
2023-03-15,DEMO-NVDA,274.47
2023-03-15,DEMO-TSLA,251.65
2023-04-15,DEMO-VTI,226.44
2023-04-15,DEMO-VOO,449.09
2023-04-15,DEMO-BND,85.7
2023-04-15,DEMO-AAPL,160.05
2023-04-15,DEMO-MSFT,362.09
2023-04-15,DEMO-GOOGL,172.82
2023-04-15,DEMO-AMZN,205.71
2023-04-15,DEMO-JNJ,177.1
2023-04-15,DEMO-PG,158.98
2023-04-15,DEMO-KO,59.64
2023-04-15,DEMO-XOM,80.38
2023-04-15,DEMO-CVX,131.26
2023-04-15,DEMO-JPM,169.62
2023-04-15,DEMO-BAC,40.52
2023-04-15,DEMO-HD,383.66
2023-04-15,DEMO-WMT,53.12
2023-04-15,DEMO-DIS,176.38
2023-04-15,DEMO-V,276.53
2023-04-15,DEMO-MA,449.13
2023-04-15,DEMO-UNH,453.6
2023-04-15,DEMO-COST,584.09
2023-04-15,DEMO-PEP,172.32
2023-04-15,DEMO-META,473.87
2023-04-15,DEMO-NVDA,355.74
2023-04-15,DEMO-TSLA,333.33
2023-05-15,DEMO-VTI,231.58
2023-05-15,DEMO-VOO,467.67
2023-05-15,DEMO-BND,84.11
2023-05-15,DEMO-AAPL,171.85
2023-05-15,DEMO-MSFT,344.95
2023-05-15,DEMO-GOOGL,156.31
2023-05-15,DEMO-AMZN,226.8
2023-05-15,DEMO-JNJ,182.11
2023-05-15,DEMO-PG,162.23
2023-05-15,DEMO-KO,61.33
2023-05-15,DEMO-XOM,79.63
2023-05-15,DEMO-CVX,125.46
2023-05-15,DEMO-JPM,167.93
2023-05-15,DEMO-BAC,41.53
2023-05-15,DEMO-HD,374.68
2023-05-15,DEMO-WMT,54.36
2023-05-15,DEMO-DIS,160.63
2023-05-15,DEMO-V,283.58
2023-05-15,DEMO-MA,453.15
2023-05-15,DEMO-UNH,429.82
2023-05-15,DEMO-COST,591.63
2023-05-15,DEMO-PEP,172.2
2023-05-15,DEMO-META,412.6
2023-05-15,DEMO-NVDA,408.77
2023-05-15,DEMO-TSLA,342.89
2023-06-15,DEMO-VTI,240.26
2023-06-15,DEMO-VOO,486.91
2023-06-15,DEMO-BND,82.82
2023-06-15,DEMO-AAPL,189.12
2023-06-15,DEMO-MSFT,344.14
2023-06-15,DEMO-GOOGL,147.48
2023-06-15,DEMO-AMZN,229.09
2023-06-15,DEMO-JNJ,186.2
2023-06-15,DEMO-PG,164.18
2023-06-15,DEMO-KO,62.85
2023-06-15,DEMO-XOM,74.56
2023-06-15,DEMO-CVX,115.86
2023-06-15,DEMO-JPM,174.75
2023-06-15,DEMO-BAC,44.7
2023-06-15,DEMO-HD,361.38
2023-06-15,DEMO-WMT,56.23
2023-06-15,DEMO-DIS,142.28
2023-06-15,DEMO-V,284.62
2023-06-15,DEMO-MA,447.82
2023-06-15,DEMO-UNH,417.45
2023-06-15,DEMO-COST,590.38
2023-06-15,DEMO-PEP,174.0
2023-06-15,DEMO-META,353.83
2023-06-15,DEMO-NVDA,367.77
2023-06-15,DEMO-TSLA,268.07
2023-07-15,DEMO-VTI,250.3
2023-07-15,DEMO-VOO,501.85
2023-07-15,DEMO-BND,82.49
2023-07-15,DEMO-AAPL,200.12
2023-07-15,DEMO-MSFT,362.91
2023-07-15,DEMO-GOOGL,156.8
2023-07-15,DEMO-AMZN,211.77
2023-07-15,DEMO-JNJ,188.38
2023-07-15,DEMO-PG,164.45
2023-07-15,DEMO-KO,63.68
2023-07-15,DEMO-XOM,67.71
2023-07-15,DEMO-CVX,107.25
2023-07-15,DEMO-JPM,186.95
2023-07-15,DEMO-BAC,48.31
2023-07-15,DEMO-HD,349.72
2023-07-15,DEMO-WMT,58.28
2023-07-15,DEMO-DIS,138.8
2023-07-15,DEMO-V,280.06
2023-07-15,DEMO-MA,436.59
2023-07-15,DEMO-UNH,423.85
2023-07-15,DEMO-COST,582.42
2023-07-15,DEMO-PEP,177.4
2023-07-15,DEMO-META,362.03
2023-07-15,DEMO-NVDA,297.11
2023-07-15,DEMO-TSLA,213.6
2023-08-15,DEMO-VTI,259.09
2023-08-15,DEMO-VOO,508.84
2023-08-15,DEMO-BND,83.35
2023-08-15,DEMO-AAPL,197.68
2023-08-15,DEMO-MSFT,393.04
2023-08-15,DEMO-GOOGL,176.67
2023-08-15,DEMO-AMZN,188.9
2023-08-15,DEMO-JNJ,188.17
2023-08-15,DEMO-PG,163.14
2023-08-15,DEMO-KO,63.59
2023-08-15,DEMO-XOM,62.51
2023-08-15,DEMO-CVX,104.0
2023-08-15,DEMO-JPM,198.19
2023-08-15,DEMO-BAC,50.37
2023-08-15,DEMO-HD,345.11
2023-08-15,DEMO-WMT,60.0
2023-08-15,DEMO-DIS,152.69
2023-08-15,DEMO-V,272.47
2023-08-15,DEMO-MA,425.25
2023-08-15,DEMO-UNH,447.62
2023-08-15,DEMO-COST,572.01
2023-08-15,DEMO-PEP,181.67
2023-08-15,DEMO-META,435.47
2023-08-15,DEMO-NVDA,306.18
2023-08-15,DEMO-TSLA,256.82
2023-09-15,DEMO-VTI,264.35
2023-09-15,DEMO-VOO,506.73
2023-09-15,DEMO-BND,85.07
2023-09-15,DEMO-AAPL,184.7
2023-09-15,DEMO-MSFT,419.41
2023-09-15,DEMO-GOOGL,188.69
2023-09-15,DEMO-AMZN,178.99
2023-09-15,DEMO-JNJ,185.75
2023-09-15,DEMO-PG,160.76
2023-09-15,DEMO-KO,62.68
2023-09-15,DEMO-XOM,61.64
2023-09-15,DEMO-CVX,108.03
2023-09-15,DEMO-JPM,202.61
2023-09-15,DEMO-BAC,49.79
2023-09-15,DEMO-HD,350.33
2023-09-15,DEMO-WMT,60.98
2023-09-15,DEMO-DIS,169.17
2023-09-15,DEMO-V,265.62
2023-09-15,DEMO-MA,419.78
2023-09-15,DEMO-UNH,479.19
2023-09-15,DEMO-COST,564.35
2023-09-15,DEMO-PEP,185.81
2023-09-15,DEMO-META,506.44
2023-09-15,DEMO-NVDA,396.83
2023-09-15,DEMO-TSLA,340.17
2023-10-15,DEMO-VTI,264.92
2023-10-15,DEMO-VOO,497.29
2023-10-15,DEMO-BND,86.91
2023-10-15,DEMO-AAPL,172.18
2023-10-15,DEMO-MSFT,428.82
2023-10-15,DEMO-GOOGL,182.08
2023-10-15,DEMO-AMZN,191.02
2023-10-15,DEMO-JNJ,181.86
2023-10-15,DEMO-PG,158.12
2023-10-15,DEMO-KO,61.36
2023-10-15,DEMO-XOM,65.78
2023-10-15,DEMO-CVX,117.83
2023-10-15,DEMO-JPM,198.3
2023-10-15,DEMO-BAC,47.01
2023-10-15,DEMO-HD,364.41
2023-10-15,DEMO-WMT,61.05
2023-10-15,DEMO-DIS,171.0
2023-10-15,DEMO-V,263.11
2023-10-15,DEMO-MA,424.01
2023-10-15,DEMO-UNH,505.21
2023-10-15,DEMO-COST,563.86
2023-10-15,DEMO-PEP,188.88
2023-10-15,DEMO-META,508.17
2023-10-15,DEMO-NVDA,455.99
2023-10-15,DEMO-TSLA,349.93
2023-11-15,DEMO-VTI,261.14
2023-11-15,DEMO-VOO,484.64
2023-11-15,DEMO-BND,88.07
2023-11-15,DEMO-AAPL,170.99
2023-11-15,DEMO-MSFT,417.87
2023-11-15,DEMO-GOOGL,164.69
2023-11-15,DEMO-AMZN,217.47
2023-11-15,DEMO-JNJ,177.67
2023-11-15,DEMO-PG,156.1
2023-11-15,DEMO-KO,60.23
2023-11-15,DEMO-XOM,73.27
2023-11-15,DEMO-CVX,129.18
2023-11-15,DEMO-JPM,188.47
2023-11-15,DEMO-BAC,43.78
2023-11-15,DEMO-HD,382.98
2023-11-15,DEMO-WMT,60.31
2023-11-15,DEMO-DIS,155.74
2023-11-15,DEMO-V,266.9
2023-11-15,DEMO-MA,438.13
2023-11-15,DEMO-UNH,514.75
2023-11-15,DEMO-COST,572.77
2023-11-15,DEMO-PEP,190.2
2023-11-15,DEMO-META,442.47
2023-11-15,DEMO-NVDA,410.26
2023-11-15,DEMO-TSLA,273.57
2023-12-15,DEMO-VTI,254.71
2023-12-15,DEMO-VOO,474.04
2023-12-15,DEMO-BND,88.07
2023-12-15,DEMO-AAPL,183.59
2023-12-15,DEMO-MSFT,395.14
2023-12-15,DEMO-GOOGL,155.37
2023-12-15,DEMO-AMZN,239.76
2023-12-15,DEMO-JNJ,174.41
2023-12-15,DEMO-PG,155.42
2023-12-15,DEMO-KO,59.78
2023-12-15,DEMO-XOM,80.85
2023-12-15,DEMO-CVX,137.08
2023-12-15,DEMO-JPM,179.65
2023-12-15,DEMO-BAC,42.13
2023-12-15,DEMO-HD,399.88
2023-12-15,DEMO-WMT,59.14
2023-12-15,DEMO-DIS,137.94
2023-12-15,DEMO-V,276.59
2023-12-15,DEMO-MA,458.52
2023-12-15,DEMO-UNH,504.54
2023-12-15,DEMO-COST,590.36
2023-12-15,DEMO-PEP,189.56
2023-12-15,DEMO-META,379.44
2023-12-15,DEMO-NVDA,331.43
2023-12-15,DEMO-TSLA,217.98
2024-01-15,DEMO-VTI,248.26
2024-01-15,DEMO-VOO,470.16
2024-01-15,DEMO-BND,86.98
2024-01-15,DEMO-AAPL,202.04
2024-01-15,DEMO-MSFT,376.44
2024-01-15,DEMO-GOOGL,165.2
2024-01-15,DEMO-AMZN,242.19
2024-01-15,DEMO-JNJ,173.1
2024-01-15,DEMO-PG,156.45
2024-01-15,DEMO-KO,60.29
2024-01-15,DEMO-XOM,85.16
2024-01-15,DEMO-CVX,138.09
2024-01-15,DEMO-JPM,177.86
2024-01-15,DEMO-BAC,43.17
2024-01-15,DEMO-HD,409.54
2024-01-15,DEMO-WMT,58.06
2024-01-15,DEMO-DIS,134.57
2024-01-15,DEMO-V,289.5
2024-01-15,DEMO-MA,479.1
2024-01-15,DEMO-UNH,480.56
2024-01-15,DEMO-COST,613.14
2024-01-15,DEMO-PEP,187.28
2024-01-15,DEMO-META,388.23
2024-01-15,DEMO-NVDA,341.54
2024-01-15,DEMO-TSLA,262.1
2024-02-15,DEMO-VTI,244.42
2024-02-15,DEMO-VOO,475.61
2024-02-15,DEMO-BND,85.37
2024-02-15,DEMO-AAPL,213.8
2024-02-15,DEMO-MSFT,375.55
2024-02-15,DEMO-GOOGL,186.13
2024-02-15,DEMO-AMZN,223.88
2024-02-15,DEMO-JNJ,174.2
2024-02-15,DEMO-PG,159.12
2024-02-15,DEMO-KO,61.63
2024-02-15,DEMO-XOM,84.36
2024-02-15,DEMO-CVX,131.99
2024-02-15,DEMO-JPM,185.09
2024-02-15,DEMO-BAC,46.47
2024-02-15,DEMO-HD,409.08
2024-02-15,DEMO-WMT,57.56
2024-02-15,DEMO-DIS,148.04
2024-02-15,DEMO-V,301.66
2024-02-15,DEMO-MA,493.61
2024-02-15,DEMO-UNH,455.36
2024-02-15,DEMO-COST,635.9
2024-02-15,DEMO-PEP,184.14
2024-02-15,DEMO-META,466.99
2024-02-15,DEMO-NVDA,442.67
2024-02-15,DEMO-TSLA,347.16
2024-03-15,DEMO-VTI,245.05
2024-03-15,DEMO-VOO,490.09
2024-03-15,DEMO-BND,84.05
2024-03-15,DEMO-AAPL,211.19
2024-03-15,DEMO-MSFT,396.04
2024-03-15,DEMO-GOOGL,198.79
2024-03-15,DEMO-AMZN,199.7
2024-03-15,DEMO-JNJ,177.56
2024-03-15,DEMO-PG,162.89
2024-03-15,DEMO-KO,63.37
2024-03-15,DEMO-XOM,78.99
2024-03-15,DEMO-CVX,121.89
2024-03-15,DEMO-JPM,198.01
2024-03-15,DEMO-BAC,50.22
2024-03-15,DEMO-HD,399.5
2024-03-15,DEMO-WMT,57.97
2024-03-15,DEMO-DIS,164.01
2024-03-15,DEMO-V,309.34
2024-03-15,DEMO-MA,498.03
2024-03-15,DEMO-UNH,442.26
2024-03-15,DEMO-COST,653.33
2024-03-15,DEMO-PEP,181.12
2024-03-15,DEMO-META,543.09
2024-03-15,DEMO-NVDA,508.66
2024-03-15,DEMO-TSLA,357.12
2024-04-15,DEMO-VTI,250.62
2024-04-15,DEMO-VOO,510.37
2024-04-15,DEMO-BND,83.72
2024-04-15,DEMO-AAPL,197.32
2024-04-15,DEMO-MSFT,428.91
2024-04-15,DEMO-GOOGL,191.83
2024-04-15,DEMO-AMZN,189.22
2024-04-15,DEMO-JNJ,182.41
2024-04-15,DEMO-PG,166.93
2024-04-15,DEMO-KO,64.94
2024-04-15,DEMO-XOM,71.74
2024-04-15,DEMO-CVX,112.83
2024-04-15,DEMO-JPM,209.91
2024-04-15,DEMO-BAC,52.37
2024-04-15,DEMO-HD,385.31
2024-04-15,DEMO-WMT,59.33
2024-04-15,DEMO-DIS,165.79
2024-04-15,DEMO-V,310.48
2024-04-15,DEMO-MA,492.17
2024-04-15,DEMO-UNH,449.03
2024-04-15,DEMO-COST,661.77
2024-04-15,DEMO-PEP,179.21
2024-04-15,DEMO-META,544.96
2024-04-15,DEMO-NVDA,457.65
2024-04-15,DEMO-TSLA,279.19
2024-05-15,DEMO-VTI,260.01
2024-05-15,DEMO-VOO,531.36
2024-05-15,DEMO-BND,84.6
2024-05-15,DEMO-AAPL,183.95
2024-05-15,DEMO-MSFT,457.69
2024-05-15,DEMO-GOOGL,173.51
2024-05-15,DEMO-AMZN,201.94
2024-05-15,DEMO-JNJ,187.57
2024-05-15,DEMO-PG,170.35
2024-05-15,DEMO-KO,65.8
2024-05-15,DEMO-XOM,66.22
2024-05-15,DEMO-CVX,109.42
2024-05-15,DEMO-JPM,214.59
2024-05-15,DEMO-BAC,51.76
2024-05-15,DEMO-HD,372.88
2024-05-15,DEMO-WMT,61.36
2024-05-15,DEMO-DIS,150.99
2024-05-15,DEMO-V,305.51
2024-05-15,DEMO-MA,479.83
2024-05-15,DEMO-UNH,474.21
2024-05-15,DEMO-COST,660.37
2024-05-15,DEMO-PEP,179.08
2024-05-15,DEMO-META,474.49
2024-05-15,DEMO-NVDA,369.72
2024-05-15,DEMO-TSLA,222.46
2024-06-15,DEMO-VTI,270.88
2024-06-15,DEMO-VOO,547.66
2024-06-15,DEMO-BND,86.34
2024-06-15,DEMO-AAPL,182.67
2024-06-15,DEMO-MSFT,467.96
2024-06-15,DEMO-GOOGL,163.7
2024-06-15,DEMO-AMZN,229.91
2024-06-15,DEMO-JNJ,191.78
2024-06-15,DEMO-PG,172.39
2024-06-15,DEMO-KO,65.7
2024-06-15,DEMO-XOM,65.3
2024-06-15,DEMO-CVX,113.65
2024-06-15,DEMO-JPM,210.03
2024-06-15,DEMO-BAC,48.87
2024-06-15,DEMO-HD,367.97
2024-06-15,DEMO-WMT,63.6
2024-06-15,DEMO-DIS,133.74
2024-06-15,DEMO-V,297.22
2024-06-15,DEMO-MA,467.37
2024-06-15,DEMO-UNH,507.67
2024-06-15,DEMO-COST,651.46
2024-06-15,DEMO-PEP,180.96
2024-06-15,DEMO-META,406.91
2024-06-15,DEMO-NVDA,381.0
2024-06-15,DEMO-TSLA,267.48
2024-07-15,DEMO-VTI,280.38
2024-07-15,DEMO-VOO,555.29
2024-07-15,DEMO-BND,88.21
2024-07-15,DEMO-AAPL,196.14
2024-07-15,DEMO-MSFT,456.01
2024-07-15,DEMO-GOOGL,174.05
2024-07-15,DEMO-AMZN,253.47
2024-07-15,DEMO-JNJ,194.03
2024-07-15,DEMO-PG,172.68
2024-07-15,DEMO-KO,64.76
2024-07-15,DEMO-XOM,69.69
2024-07-15,DEMO-CVX,123.96
2024-07-15,DEMO-JPM,199.62
2024-07-15,DEMO-BAC,45.51
2024-07-15,DEMO-HD,373.53
2024-07-15,DEMO-WMT,65.48
2024-07-15,DEMO-DIS,130.47
2024-07-15,DEMO-V,289.76
2024-07-15,DEMO-MA,461.36
2024-07-15,DEMO-UNH,535.23
2024-07-15,DEMO-COST,639.82
2024-07-15,DEMO-PEP,184.5
2024-07-15,DEMO-META,416.33
2024-07-15,DEMO-NVDA,493.81
2024-07-15,DEMO-TSLA,354.29
2024-08-15,DEMO-VTI,286.08
2024-08-15,DEMO-VOO,553.0
2024-08-15,DEMO-BND,89.39
2024-08-15,DEMO-AAPL,215.85
2024-08-15,DEMO-MSFT,431.21
2024-08-15,DEMO-GOOGL,196.1
2024-08-15,DEMO-AMZN,256.03
2024-08-15,DEMO-JNJ,193.82
2024-08-15,DEMO-PG,171.3
2024-08-15,DEMO-KO,63.4
2024-08-15,DEMO-XOM,77.62
2024-08-15,DEMO-CVX,135.91
2024-08-15,DEMO-JPM,190.27
2024-08-15,DEMO-BAC,43.79
2024-08-15,DEMO-HD,388.55
2024-08-15,DEMO-WMT,66.55
2024-08-15,DEMO-DIS,143.53
2024-08-15,DEMO-V,287.02
2024-08-15,DEMO-MA,466.01
2024-08-15,DEMO-UNH,545.34
2024-08-15,DEMO-COST,631.26
2024-08-15,DEMO-PEP,188.94
2024-08-15,DEMO-META,500.79
2024-08-15,DEMO-NVDA,567.42
2024-08-15,DEMO-TSLA,364.45
2024-09-15,DEMO-VTI,286.7
2024-09-15,DEMO-VOO,542.69
2024-09-15,DEMO-BND,89.39
2024-09-15,DEMO-AAPL,228.41
2024-09-15,DEMO-MSFT,410.8
2024-09-15,DEMO-GOOGL,209.44
2024-09-15,DEMO-AMZN,236.67
2024-09-15,DEMO-JNJ,191.32
2024-09-15,DEMO-PG,168.8
2024-09-15,DEMO-KO,62.23
2024-09-15,DEMO-XOM,85.65
2024-09-15,DEMO-CVX,144.21
2024-09-15,DEMO-JPM,188.38
2024-09-15,DEMO-BAC,44.88
2024-09-15,DEMO-HD,408.35
2024-09-15,DEMO-WMT,66.62
2024-09-15,DEMO-DIS,159.02
2024-09-15,DEMO-V,291.15
2024-09-15,DEMO-MA,481.53
2024-09-15,DEMO-UNH,534.52
2024-09-15,DEMO-COST,630.71
2024-09-15,DEMO-PEP,193.25
2024-09-15,DEMO-META,582.4
2024-09-15,DEMO-NVDA,510.51
2024-09-15,DEMO-TSLA,284.93
2024-10-15,DEMO-VTI,282.6
2024-10-15,DEMO-VOO,528.89
2024-10-15,DEMO-BND,88.28
2024-10-15,DEMO-AAPL,225.62
2024-10-15,DEMO-MSFT,409.83
2024-10-15,DEMO-GOOGL,202.11
2024-10-15,DEMO-AMZN,211.11
2024-10-15,DEMO-JNJ,187.32
2024-10-15,DEMO-PG,166.03
2024-10-15,DEMO-KO,61.77
2024-10-15,DEMO-XOM,90.22
2024-10-15,DEMO-CVX,145.28
2024-10-15,DEMO-JPM,196.03
2024-10-15,DEMO-BAC,48.31
2024-10-15,DEMO-HD,426.37
2024-10-15,DEMO-WMT,65.82
2024-10-15,DEMO-DIS,160.74
2024-10-15,DEMO-V,301.72
2024-10-15,DEMO-MA,503.94
2024-10-15,DEMO-UNH,509.11
2024-10-15,DEMO-COST,640.67
2024-10-15,DEMO-PEP,196.43
2024-10-15,DEMO-META,584.4
2024-10-15,DEMO-NVDA,412.43
2024-10-15,DEMO-TSLA,227.03
2024-11-15,DEMO-VTI,275.65
2024-11-15,DEMO-VOO,517.32
2024-11-15,DEMO-BND,86.65
2024-11-15,DEMO-AAPL,210.81
2024-11-15,DEMO-MSFT,432.19
2024-11-15,DEMO-GOOGL,182.8
2024-11-15,DEMO-AMZN,200.04
2024-11-15,DEMO-JNJ,183.0
2024-11-15,DEMO-PG,163.9
2024-11-15,DEMO-KO,62.29
2024-11-15,DEMO-XOM,89.38
2024-11-15,DEMO-CVX,138.86
2024-11-15,DEMO-JPM,209.71
2024-11-15,DEMO-BAC,52.21
2024-11-15,DEMO-HD,436.66
2024-11-15,DEMO-WMT,64.54
2024-11-15,DEMO-DIS,146.39
2024-11-15,DEMO-V,315.8
2024-11-15,DEMO-MA,526.55
2024-11-15,DEMO-UNH,482.42
2024-11-15,DEMO-COST,660.35
2024-11-15,DEMO-PEP,197.8
2024-11-15,DEMO-META,508.84
2024-11-15,DEMO-NVDA,425.01
2024-11-15,DEMO-TSLA,272.97
2024-12-15,DEMO-VTI,268.66
2024-12-15,DEMO-VOO,513.08
2024-12-15,DEMO-BND,85.31
2024-12-15,DEMO-AAPL,196.52
2024-12-15,DEMO-MSFT,468.07
2024-12-15,DEMO-GOOGL,172.47
2024-12-15,DEMO-AMZN,213.49
2024-12-15,DEMO-JNJ,179.65
2024-12-15,DEMO-PG,163.19
2024-12-15,DEMO-KO,63.67
2024-12-15,DEMO-XOM,83.68
2024-12-15,DEMO-CVX,128.24
2024-12-15,DEMO-JPM,222.32
2024-12-15,DEMO-BAC,54.44
2024-12-15,DEMO-HD,436.17
2024-12-15,DEMO-WMT,63.36
2024-12-15,DEMO-DIS,129.67
2024-12-15,DEMO-V,329.07
2024-12-15,DEMO-MA,542.5
2024-12-15,DEMO-UNH,468.54
2024-12-15,DEMO-COST,685.83
2024-12-15,DEMO-PEP,197.14
2024-12-15,DEMO-META,436.36
2024-12-15,DEMO-NVDA,550.86
2024-12-15,DEMO-TSLA,361.57
2025-01-15,DEMO-VTI,264.51
2025-01-15,DEMO-VOO,519.04
2025-01-15,DEMO-BND,84.98
2025-01-15,DEMO-AAPL,195.16
2025-01-15,DEMO-MSFT,499.47
2025-01-15,DEMO-GOOGL,183.38
2025-01-15,DEMO-AMZN,243.05
2025-01-15,DEMO-JNJ,178.29
2025-01-15,DEMO-PG,164.28
2025-01-15,DEMO-KO,65.48
2025-01-15,DEMO-XOM,76.0
2025-01-15,DEMO-CVX,118.7
2025-01-15,DEMO-JPM,227.28
2025-01-15,DEMO-BAC,53.81
2025-01-15,DEMO-HD,425.96
2025-01-15,DEMO-WMT,62.81
2025-01-15,DEMO-DIS,126.49
2025-01-15,DEMO-V,337.45
2025-01-15,DEMO-MA,547.36
2025-01-15,DEMO-UNH,475.71
2025-01-15,DEMO-COST,711.28
2025-01-15,DEMO-PEP,194.78
2025-01-15,DEMO-META,446.47
2025-01-15,DEMO-NVDA,632.97
2025-01-15,DEMO-TSLA,371.94
2025-02-15,DEMO-VTI,265.19
2025-02-15,DEMO-VOO,534.83
2025-02-15,DEMO-BND,85.87
2025-02-15,DEMO-AAPL,209.54
2025-02-15,DEMO-MSFT,510.68
2025-02-15,DEMO-GOOGL,206.61
2025-02-15,DEMO-AMZN,267.96
2025-02-15,DEMO-JNJ,179.43
2025-02-15,DEMO-PG,167.07
2025-02-15,DEMO-KO,67.09
2025-02-15,DEMO-XOM,70.16
2025-02-15,DEMO-CVX,115.11
2025-02-15,DEMO-JPM,222.45
2025-02-15,DEMO-BAC,50.81
2025-02-15,DEMO-HD,410.83
2025-02-15,DEMO-WMT,63.26
2025-02-15,DEMO-DIS,139.16
2025-02-15,DEMO-V,338.69
2025-02-15,DEMO-MA,540.92
2025-02-15,DEMO-UNH,502.39
2025-02-15,DEMO-COST,730.78
2025-02-15,DEMO-PEP,191.5
2025-02-15,DEMO-META,537.04
2025-02-15,DEMO-NVDA,569.49
2025-02-15,DEMO-TSLA,290.78
2025-03-15,DEMO-VTI,271.22
2025-03-15,DEMO-VOO,556.97
2025-03-15,DEMO-BND,87.64
2025-03-15,DEMO-AAPL,230.6
2025-03-15,DEMO-MSFT,497.63
2025-03-15,DEMO-GOOGL,220.66
2025-03-15,DEMO-AMZN,270.67
2025-03-15,DEMO-JNJ,182.89
2025-03-15,DEMO-PG,171.03
2025-03-15,DEMO-KO,67.99
2025-03-15,DEMO-XOM,69.18
2025-03-15,DEMO-CVX,119.57
2025-03-15,DEMO-JPM,211.42
2025-03-15,DEMO-BAC,47.32
2025-03-15,DEMO-HD,397.58
2025-03-15,DEMO-WMT,64.74
2025-03-15,DEMO-DIS,154.17
2025-03-15,DEMO-V,333.27
2025-03-15,DEMO-MA,527.35
2025-03-15,DEMO-UNH,537.83
2025-03-15,DEMO-COST,740.22
2025-03-15,DEMO-PEP,188.37
2025-03-15,DEMO-META,624.55
2025-03-15,DEMO-NVDA,460.07
2025-03-15,DEMO-TSLA,231.69
2025-04-15,DEMO-VTI,281.38
2025-04-15,DEMO-VOO,579.88
2025-04-15,DEMO-BND,89.53
2025-04-15,DEMO-AAPL,244.02
2025-04-15,DEMO-MSFT,470.57
2025-04-15,DEMO-GOOGL,212.94
2025-04-15,DEMO-AMZN,250.21
2025-04-15,DEMO-JNJ,187.88
2025-04-15,DEMO-PG,175.28
2025-04-15,DEMO-KO,67.89
2025-04-15,DEMO-XOM,73.83
2025-04-15,DEMO-CVX,130.42
2025-04-15,DEMO-JPM,201.53
2025-04-15,DEMO-BAC,45.53
2025-04-15,DEMO-HD,392.34
2025-04-15,DEMO-WMT,66.97
2025-04-15,DEMO-DIS,155.85
2025-04-15,DEMO-V,324.23
2025-04-15,DEMO-MA,513.66
2025-04-15,DEMO-UNH,567.03
2025-04-15,DEMO-COST,738.66
2025-04-15,DEMO-PEP,186.38
2025-04-15,DEMO-META,626.7
2025-04-15,DEMO-NVDA,474.11
2025-04-15,DEMO-TSLA,278.58
2025-05-15,DEMO-VTI,293.15
2025-05-15,DEMO-VOO,597.66
2025-05-15,DEMO-BND,90.73
2025-05-15,DEMO-AAPL,241.04
2025-05-15,DEMO-MSFT,448.3
2025-05-15,DEMO-GOOGL,192.59
2025-05-15,DEMO-AMZN,223.18
2025-05-15,DEMO-JNJ,193.2
2025-05-15,DEMO-PG,178.86
2025-05-15,DEMO-KO,66.91
2025-05-15,DEMO-XOM,82.24
2025-05-15,DEMO-CVX,142.98
2025-05-15,DEMO-JPM,199.52
2025-05-15,DEMO-BAC,46.66
2025-05-15,DEMO-HD,398.28
2025-05-15,DEMO-WMT,69.4
2025-05-15,DEMO-DIS,141.93
2025-05-15,DEMO-V,316.09
2025-05-15,DEMO-MA,507.05
2025-05-15,DEMO-UNH,577.74
2025-05-15,DEMO-COST,728.69
2025-05-15,DEMO-PEP,186.25
2025-05-15,DEMO-META,545.67
2025-05-15,DEMO-NVDA,614.49
2025-05-15,DEMO-TSLA,368.99
2025-06-15,DEMO-VTI,303.43
2025-06-15,DEMO-VOO,605.99
2025-06-15,DEMO-BND,90.73
2025-06-15,DEMO-AAPL,225.22
2025-06-15,DEMO-MSFT,447.24
2025-06-15,DEMO-GOOGL,181.7
2025-06-15,DEMO-AMZN,211.48
2025-06-15,DEMO-JNJ,197.54
2025-06-15,DEMO-PG,181.01
2025-06-15,DEMO-KO,65.51
2025-06-15,DEMO-XOM,90.74
2025-06-15,DEMO-CVX,151.72
2025-06-15,DEMO-JPM,207.62
2025-06-15,DEMO-BAC,50.22
2025-06-15,DEMO-HD,414.28
2025-06-15,DEMO-WMT,71.45
2025-06-15,DEMO-DIS,125.72
2025-06-15,DEMO-V,313.09
2025-06-15,DEMO-MA,512.16
2025-06-15,DEMO-UNH,566.28
2025-06-15,DEMO-COST,715.68
2025-06-15,DEMO-PEP,188.19
2025-06-15,DEMO-META,467.94
2025-06-15,DEMO-NVDA,706.09
2025-06-15,DEMO-TSLA,379.57
2025-07-15,DEMO-VTI,309.59
2025-07-15,DEMO-VOO,603.48
2025-07-15,DEMO-BND,89.61
2025-07-15,DEMO-AAPL,209.95
2025-07-15,DEMO-MSFT,471.64
2025-07-15,DEMO-GOOGL,193.2
2025-07-15,DEMO-AMZN,225.69
2025-07-15,DEMO-JNJ,199.85
2025-07-15,DEMO-PG,181.31
2025-07-15,DEMO-KO,64.3
2025-07-15,DEMO-XOM,95.58
2025-07-15,DEMO-CVX,152.84
2025-07-15,DEMO-JPM,222.12
2025-07-15,DEMO-BAC,54.28
2025-07-15,DEMO-HD,435.39
2025-07-15,DEMO-WMT,72.63
2025-07-15,DEMO-DIS,122.64
2025-07-15,DEMO-V,317.61
2025-07-15,DEMO-MA,529.22
2025-07-15,DEMO-UNH,539.36
2025-07-15,DEMO-COST,706.09
2025-07-15,DEMO-PEP,191.88
2025-07-15,DEMO-META,478.78
2025-07-15,DEMO-NVDA,635.27
2025-07-15,DEMO-TSLA,296.75
2025-08-15,DEMO-VTI,310.27
2025-08-15,DEMO-VOO,592.24
2025-08-15,DEMO-BND,87.94
2025-08-15,DEMO-AAPL,208.49
2025-08-15,DEMO-MSFT,510.79
2025-08-15,DEMO-GOOGL,217.67
2025-08-15,DEMO-AMZN,256.95
2025-08-15,DEMO-JNJ,199.63
2025-08-15,DEMO-PG,179.87
2025-08-15,DEMO-KO,63.82
2025-08-15,DEMO-XOM,94.69
2025-08-15,DEMO-CVX,146.09
2025-08-15,DEMO-JPM,235.47
2025-08-15,DEMO-BAC,56.6
2025-08-15,DEMO-HD,454.61
2025-08-15,DEMO-WMT,72.71
2025-08-15,DEMO-DIS,134.92
2025-08-15,DEMO-V,329.14
2025-08-15,DEMO-MA,553.85
2025-08-15,DEMO-UNH,511.08
2025-08-15,DEMO-COST,705.48
2025-08-15,DEMO-PEP,196.49
2025-08-15,DEMO-META,575.91
2025-08-15,DEMO-NVDA,513.22
2025-08-15,DEMO-TSLA,236.45
2025-09-15,DEMO-VTI,305.83
2025-09-15,DEMO-VOO,577.18
2025-09-15,DEMO-BND,86.59
2025-09-15,DEMO-AAPL,223.86
2025-09-15,DEMO-MSFT,545.06
2025-09-15,DEMO-GOOGL,232.48
2025-09-15,DEMO-AMZN,283.28
2025-09-15,DEMO-JNJ,197.06
2025-09-15,DEMO-PG,177.24
2025-09-15,DEMO-KO,64.36
2025-09-15,DEMO-XOM,88.66
2025-09-15,DEMO-CVX,134.91
2025-09-15,DEMO-JPM,240.72
2025-09-15,DEMO-BAC,55.95
2025-09-15,DEMO-HD,465.58
2025-09-15,DEMO-WMT,71.83
2025-09-15,DEMO-DIS,149.47
2025-09-15,DEMO-V,344.49
2025-09-15,DEMO-MA,578.71
2025-09-15,DEMO-UNH,496.38
2025-09-15,DEMO-COST,716.62
2025-09-15,DEMO-PEP,200.98
2025-09-15,DEMO-META,669.76
2025-09-15,DEMO-NVDA,528.87
2025-09-15,DEMO-TSLA,284.3
2025-10-15,DEMO-VTI,298.31
2025-10-15,DEMO-VOO,564.55
2025-10-15,DEMO-BND,86.25
2025-10-15,DEMO-AAPL,246.36
2025-10-15,DEMO-MSFT,557.3
2025-10-15,DEMO-GOOGL,224.34
2025-10-15,DEMO-AMZN,286.15
2025-10-15,DEMO-JNJ,192.94
2025-10-15,DEMO-PG,174.33
2025-10-15,DEMO-KO,65.79
2025-10-15,DEMO-XOM,80.52
2025-10-15,DEMO-CVX,124.88
2025-10-15,DEMO-JPM,235.6
2025-10-15,DEMO-BAC,52.82
2025-10-15,DEMO-HD,465.06
2025-10-15,DEMO-WMT,70.43
2025-10-15,DEMO-DIS,151.1
2025-10-15,DEMO-V,358.97
2025-10-15,DEMO-MA,596.23
2025-10-15,DEMO-UNH,503.98
2025-10-15,DEMO-COST,738.64
2025-10-15,DEMO-PEP,204.29
2025-10-15,DEMO-META,672.06
2025-10-15,DEMO-NVDA,685.47
2025-10-15,DEMO-TSLA,376.57
2025-11-15,DEMO-VTI,290.75
2025-11-15,DEMO-VOO,559.93
2025-11-15,DEMO-BND,87.15
2025-11-15,DEMO-AAPL,260.7
2025-11-15,DEMO-MSFT,543.06
2025-11-15,DEMO-GOOGL,202.91
2025-11-15,DEMO-AMZN,264.51
2025-11-15,DEMO-JNJ,188.49
2025-11-15,DEMO-PG,172.1
2025-11-15,DEMO-KO,67.65
2025-11-15,DEMO-XOM,74.33
2025-11-15,DEMO-CVX,121.1
2025-11-15,DEMO-JPM,223.92
2025-11-15,DEMO-BAC,49.19
2025-11-15,DEMO-HD,454.17
2025-11-15,DEMO-WMT,69.14
2025-11-15,DEMO-DIS,137.61
2025-11-15,DEMO-V,368.11
2025-11-15,DEMO-MA,601.57
2025-11-15,DEMO-UNH,532.24
2025-11-15,DEMO-COST,767.14
2025-11-15,DEMO-PEP,205.72
2025-11-15,DEMO-META,585.16
2025-11-15,DEMO-NVDA,787.66
2025-11-15,DEMO-TSLA,387.37
2025-12-15,DEMO-VTI,286.25
2025-12-15,DEMO-VOO,566.42
2025-12-15,DEMO-BND,88.95
2025-12-15,DEMO-AAPL,257.51
2025-12-15,DEMO-MSFT,513.53
2025-12-15,DEMO-GOOGL,191.44
2025-12-15,DEMO-AMZN,235.94
2025-12-15,DEMO-JNJ,185.03
2025-12-15,DEMO-PG,171.35
2025-12-15,DEMO-KO,69.32
2025-12-15,DEMO-XOM,73.29
2025-12-15,DEMO-CVX,125.79
2025-12-15,DEMO-JPM,213.44
2025-12-15,DEMO-BAC,47.33
2025-12-15,DEMO-HD,438.05
2025-12-15,DEMO-WMT,68.55
2025-12-15,DEMO-DIS,121.89
2025-12-15,DEMO-V,369.47
2025-12-15,DEMO-MA,594.5
2025-12-15,DEMO-UNH,569.79
2025-12-15,DEMO-COST,795.6
2025-12-15,DEMO-PEP,205.03
2025-12-15,DEMO-META,501.81
2025-12-15,DEMO-NVDA,708.66
2025-12-15,DEMO-TSLA,302.84
2026-01-15,DEMO-VTI,286.99
2026-01-15,DEMO-VOO,583.66
2026-01-15,DEMO-BND,90.87
2026-01-15,DEMO-AAPL,240.61
2026-01-15,DEMO-MSFT,489.22
2026-01-15,DEMO-GOOGL,203.55
2026-01-15,DEMO-AMZN,223.57
2026-01-15,DEMO-JNJ,183.64
2026-01-15,DEMO-PG,172.49
2026-01-15,DEMO-KO,70.24
2026-01-15,DEMO-XOM,78.22
2026-01-15,DEMO-CVX,137.2
2026-01-15,DEMO-JPM,211.32
2026-01-15,DEMO-BAC,48.51
2026-01-15,DEMO-HD,423.91
2026-01-15,DEMO-WMT,69.04
2026-01-15,DEMO-DIS,118.91
2026-01-15,DEMO-V,363.55
2026-01-15,DEMO-MA,579.58
2026-01-15,DEMO-UNH,600.72
2026-01-15,DEMO-COST,817.41
2026-01-15,DEMO-PEP,202.57
2026-01-15,DEMO-META,513.44
2026-01-15,DEMO-NVDA,572.5
2026-01-15,DEMO-TSLA,241.3
2026-02-15,DEMO-VTI,293.51
2026-02-15,DEMO-VOO,607.82
2026-02-15,DEMO-BND,92.08
2026-02-15,DEMO-AAPL,224.3
2026-02-15,DEMO-MSFT,488.06
2026-02-15,DEMO-GOOGL,229.33
2026-02-15,DEMO-AMZN,238.6
2026-02-15,DEMO-JNJ,184.81
2026-02-15,DEMO-PG,175.43
2026-02-15,DEMO-KO,70.14
2026-02-15,DEMO-XOM,87.12
2026-02-15,DEMO-CVX,150.42
2026-02-15,DEMO-JPM,219.9
2026-02-15,DEMO-BAC,52.21
2026-02-15,DEMO-HD,418.33
2026-02-15,DEMO-WMT,70.65
2026-02-15,DEMO-DIS,130.81
2026-02-15,DEMO-V,353.69
2026-02-15,DEMO-MA,564.53
2026-02-15,DEMO-UNH,612.07
2026-02-15,DEMO-COST,827.97
2026-02-15,DEMO-PEP,199.16
2026-02-15,DEMO-META,617.59
2026-02-15,DEMO-NVDA,589.97
2026-02-15,DEMO-TSLA,290.14
2026-03-15,DEMO-VTI,304.51
2026-03-15,DEMO-VOO,632.82
2026-03-15,DEMO-BND,92.09
2026-03-15,DEMO-AAPL,222.74
2026-03-15,DEMO-MSFT,514.69
2026-03-15,DEMO-GOOGL,244.93
2026-03-15,DEMO-AMZN,271.64
2026-03-15,DEMO-JNJ,188.37
2026-03-15,DEMO-PG,179.58
2026-03-15,DEMO-KO,69.13
2026-03-15,DEMO-XOM,96.13
2026-03-15,DEMO-CVX,159.62
2026-03-15,DEMO-JPM,235.25
2026-03-15,DEMO-BAC,56.43
2026-03-15,DEMO-HD,424.66
2026-03-15,DEMO-WMT,73.08
2026-03-15,DEMO-DIS,144.92
2026-03-15,DEMO-V,344.81
2026-03-15,DEMO-MA,557.27
2026-03-15,DEMO-UNH,599.93
2026-03-15,DEMO-COST,826.23
2026-03-15,DEMO-PEP,195.9
2026-03-15,DEMO-META,718.24
2026-03-15,DEMO-NVDA,764.66
2026-03-15,DEMO-TSLA,384.3
2026-04-15,DEMO-VTI,317.24
2026-04-15,DEMO-VOO,652.23
2026-04-15,DEMO-BND,90.95
2026-04-15,DEMO-AAPL,239.16
2026-04-15,DEMO-MSFT,557.42
2026-04-15,DEMO-GOOGL,236.36
2026-04-15,DEMO-AMZN,299.48
2026-04-15,DEMO-JNJ,193.52
2026-04-15,DEMO-PG,184.04
2026-04-15,DEMO-KO,67.68
2026-04-15,DEMO-XOM,101.26
2026-04-15,DEMO-CVX,160.8
2026-04-15,DEMO-JPM,249.39
2026-04-15,DEMO-BAC,58.84
2026-04-15,DEMO-HD,441.72
2026-04-15,DEMO-WMT,75.74
2026-04-15,DEMO-DIS,146.49
2026-04-15,DEMO-V,341.54
2026-04-15,DEMO-MA,562.89
2026-04-15,DEMO-UNH,571.41
2026-04-15,DEMO-COST,815.08
2026-04-15,DEMO-PEP,193.83
2026-04-15,DEMO-META,720.7
2026-04-15,DEMO-NVDA,878.64
2026-04-15,DEMO-TSLA,395.32
2026-05-15,DEMO-VTI,328.37
2026-05-15,DEMO-VOO,661.31
2026-05-15,DEMO-BND,89.26
2026-05-15,DEMO-AAPL,263.2
2026-05-15,DEMO-MSFT,594.81
2026-05-15,DEMO-GOOGL,213.78
2026-05-15,DEMO-AMZN,302.51
2026-05-15,DEMO-JNJ,198.99
2026-05-15,DEMO-PG,187.81
2026-05-15,DEMO-KO,66.43
2026-05-15,DEMO-XOM,100.31
2026-05-15,DEMO-CVX,153.69
2026-05-15,DEMO-JPM,254.96
2026-05-15,DEMO-BAC,58.16
2026-05-15,DEMO-HD,464.23
2026-05-15,DEMO-WMT,77.98
2026-05-15,DEMO-DIS,133.42
2026-05-15,DEMO-V,346.47
2026-05-15,DEMO-MA,581.63
2026-05-15,DEMO-UNH,541.45
2026-05-15,DEMO-COST,800.52
2026-05-15,DEMO-PEP,193.7
2026-05-15,DEMO-META,627.52
2026-05-15,DEMO-NVDA,790.52
2026-05-15,DEMO-TSLA,309.06
2026-06-15,DEMO-VTI,335.04
2026-06-15,DEMO-VOO,658.58
2026-06-15,DEMO-BND,87.88
2026-06-15,DEMO-AAPL,278.52
2026-06-15,DEMO-MSFT,608.17
2026-06-15,DEMO-GOOGL,201.69
2026-06-15,DEMO-AMZN,279.63
2026-06-15,DEMO-JNJ,203.46
2026-06-15,DEMO-PG,190.06
2026-06-15,DEMO-KO,65.94
2026-06-15,DEMO-XOM,93.92
2026-06-15,DEMO-CVX,141.93
2026-06-15,DEMO-JPM,249.53
2026-06-15,DEMO-BAC,54.91
2026-06-15,DEMO-HD,484.72
2026-06-15,DEMO-WMT,79.26
2026-06-15,DEMO-DIS,118.17
2026-06-15,DEMO-V,359.04
2026-06-15,DEMO-MA,608.7
2026-06-15,DEMO-UNH,525.87
2026-06-15,DEMO-COST,789.8
2026-06-15,DEMO-PEP,195.72
2026-06-15,DEMO-META,538.14
2026-06-15,DEMO-NVDA,638.64
2026-06-15,DEMO-TSLA,246.26
2026-07-15,DEMO-VTI,335.77
2026-07-15,DEMO-VOO,646.31
2026-07-15,DEMO-BND,87.54
2026-07-15,DEMO-AAPL,275.11
2026-07-15,DEMO-MSFT,592.63
2026-07-15,DEMO-GOOGL,214.45
2026-07-15,DEMO-AMZN,249.43
2026-07-15,DEMO-JNJ,205.85
2026-07-15,DEMO-PG,190.38
2026-07-15,DEMO-KO,66.5
2026-07-15,DEMO-XOM,85.3
2026-07-15,DEMO-CVX,131.38
2026-07-15,DEMO-JPM,237.17
2026-07-15,DEMO-BAC,51.14
2026-07-15,DEMO-HD,496.42
2026-07-15,DEMO-WMT,79.34
2026-07-15,DEMO-DIS,115.28
2026-07-15,DEMO-V,375.79
2026-07-15,DEMO-MA,636.02
2026-07-15,DEMO-UNH,533.92
2026-07-15,DEMO-COST,789.11
2026-07-15,DEMO-PEP,199.55
2026-07-15,DEMO-META,550.6
2026-07-15,DEMO-NVDA,658.12
2026-07-15,DEMO-TSLA,296.1
2026-08-15,DEMO-VTI,330.97
2026-08-15,DEMO-VOO,629.87
2026-08-15,DEMO-BND,88.45
2026-08-15,DEMO-AAPL,257.05
2026-08-15,DEMO-MSFT,560.4
2026-08-15,DEMO-GOOGL,241.62
2026-08-15,DEMO-AMZN,236.35
2026-08-15,DEMO-JNJ,205.62
2026-08-15,DEMO-PG,188.86
2026-08-15,DEMO-KO,67.97
2026-08-15,DEMO-XOM,78.74
2026-08-15,DEMO-CVX,127.41
2026-08-15,DEMO-JPM,226.06
2026-08-15,DEMO-BAC,49.21
2026-08-15,DEMO-HD,495.86
2026-08-15,DEMO-WMT,78.38
2026-08-15,DEMO-DIS,126.83
2026-08-15,DEMO-V,391.58
2026-08-15,DEMO-MA,655.28
2026-08-15,DEMO-UNH,563.87
2026-08-15,DEMO-COST,801.58
2026-08-15,DEMO-PEP,204.35
2026-08-15,DEMO-META,662.29
2026-08-15,DEMO-NVDA,852.99
2026-08-15,DEMO-TSLA,392.2
