date,type,symbol,quantity,price,amount,account
2021-09-15,BUY,DEMO-VOO,1.5188,421.39,640.01,Demo 401k
2021-09-15,BUY,DEMO-BND,1.8993,84.24,160.0,Demo 401k
2021-09-15,DEPOSIT,,0,0,800.0,Demo 401k
2021-09-15,BUY,DEMO-VOO,1.1865,421.39,499.98,Demo Roth IRA
2021-09-15,DEPOSIT,,0,0,500.0,Demo Roth IRA
2021-09-15,BUY,DEMO-VTI,2.1056,213.72,450.01,Demo Taxable Brokerage
2021-09-15,DEPOSIT,,0,0,500.0,Demo Taxable Brokerage
2021-10-15,BUY,DEMO-VOO,1.4979,427.26,639.99,Demo 401k
2021-10-15,BUY,DEMO-BND,1.9233,83.19,160.0,Demo 401k
2021-10-15,DEPOSIT,,0,0,800.0,Demo 401k
2021-10-15,BUY,DEMO-VOO,1.1702,427.26,499.98,Demo Roth IRA
2021-10-15,DEPOSIT,,0,0,500.0,Demo Roth IRA
2021-10-15,BUY,DEMO-VTI,2.0342,221.22,450.01,Demo Taxable Brokerage
2021-10-15,DEPOSIT,,0,0,500.0,Demo Taxable Brokerage
2021-11-15,BUY,DEMO-VOO,1.5041,425.49,639.98,Demo 401k
2021-11-15,BUY,DEMO-BND,1.9596,81.65,160.0,Demo 401k
2021-11-15,DEPOSIT,,0,0,800.0,Demo 401k
2021-11-15,BUY,DEMO-VOO,1.1751,425.49,499.99,Demo Roth IRA
2021-11-15,BUY,DEMO-VOO,0.0812,425.49,34.55,Demo Roth IRA
2021-11-15,BUY,DEMO-V,0.0438,235.35,10.31,Demo Roth IRA
2021-11-15,BUY,DEMO-MA,0.0312,361.44,11.28,Demo Roth IRA
2021-11-15,BUY,DEMO-PEP,0.1625,175.85,28.58,Demo Roth IRA
2021-11-15,DEPOSIT,,0,0,500.0,Demo Roth IRA
2021-11-15,DIVIDEND,DEMO-VOO,0,0,34.57,Demo Roth IRA
2021-11-15,DIVIDEND,DEMO-V,0,0,10.3,Demo Roth IRA
2021-11-15,DIVIDEND,DEMO-MA,0,0,11.29,Demo Roth IRA
2021-11-15,DIVIDEND,DEMO-PEP,0,0,28.58,Demo Roth IRA
2021-11-15,BUY,DEMO-VTI,1.9936,225.72,450.0,Demo Taxable Brokerage
2021-11-15,BUY,DEMO-VTI,0.14,225.72,31.6,Demo Taxable Brokerage
2021-11-15,BUY,DEMO-JPM,0.24,158.63,38.07,Demo Taxable Brokerage
2021-11-15,BUY,DEMO-HD,0.22,307.62,67.68,Demo Taxable Brokerage
2021-11-15,DEPOSIT,,0,0,500.0,Demo Taxable Brokerage
2021-11-15,DIVIDEND,DEMO-VTI,0,0,31.6,Demo Taxable Brokerage
2021-11-15,DIVIDEND,DEMO-JNJ,0,0,46.89,Demo Taxable Brokerage
2021-11-15,DIVIDEND,DEMO-PG,0,0,33.98,Demo Taxable Brokerage
2021-11-15,DIVIDEND,DEMO-KO,0,0,17.89,Demo Taxable Brokerage
2021-11-15,REINVESTMENT,DEMO-KO,0.299916,59.65,17.89,Demo Taxable Brokerage
2021-11-15,DIVIDEND,DEMO-XOM,0,0,23.41,Demo Taxable Brokerage
2021-11-15,DIVIDEND,DEMO-CVX,0,0,40.81,Demo Taxable Brokerage
2021-11-15,DIVIDEND,DEMO-JPM,0,0,38.07,Demo Taxable Brokerage
2021-11-15,DIVIDEND,DEMO-HD,0,0,67.68,Demo Taxable Brokerage
2021-11-15,DIVIDEND,DEMO-WMT,0,0,7.17,Demo Taxable Brokerage
2021-12-15,BUY,DEMO-VOO,1.5327,417.56,639.99,Demo 401k
2021-12-15,BUY,DEMO-BND,1.9903,80.39,160.0,Demo 401k
2021-12-15,DEPOSIT,,0,0,800.0,Demo 401k
2021-12-15,BUY,DEMO-VOO,1.1974,417.56,499.99,Demo Roth IRA
2021-12-15,DEPOSIT,,0,0,500.0,Demo Roth IRA
2021-12-15,BUY,DEMO-VTI,1.9893,226.21,450.0,Demo Taxable Brokerage
2021-12-15,DEPOSIT,,0,0,500.0,Demo Taxable Brokerage
2022-01-15,BUY,DEMO-VOO,1.5727,406.95,640.01,Demo 401k
2022-01-15,BUY,DEMO-BND,1.9983,80.07,160.0,Demo 401k
2022-01-15,DEPOSIT,,0,0,800.0,Demo 401k
2022-01-15,BUY,DEMO-VOO,1.2287,406.95,500.02,Demo Roth IRA
2022-01-15,DEPOSIT,,0,0,500.0,Demo Roth IRA
2022-01-15,BUY,DEMO-VTI,2.0182,222.97,450.0,Demo Taxable Brokerage
2022-01-15,DEPOSIT,,0,0,500.0,Demo Taxable Brokerage
2022-02-15,BUY,DEMO-VOO,1.6079,398.04,640.01,Demo 401k
2022-02-15,BUY,DEMO-BND,1.9775,80.91,160.0,Demo 401k
2022-02-15,DEPOSIT,,0,0,800.0,Demo 401k
2022-02-15,BUY,DEMO-VOO,1.2562,398.04,500.02,Demo Roth IRA
2022-02-15,BUY,DEMO-VOO,0.0812,398.04,32.32,Demo Roth IRA
2022-02-15,BUY,DEMO-V,0.0437,221.1,9.66,Demo Roth IRA
2022-02-15,BUY,DEMO-MA,0.0313,351.03,10.99,Demo Roth IRA
2022-02-15,BUY,DEMO-PEP,0.1625,170.25,27.67,Demo Roth IRA
2022-02-15,DEPOSIT,,0,0,500.0,Demo Roth IRA
2022-02-15,DIVIDEND,DEMO-VOO,0,0,32.34,Demo Roth IRA
2022-02-15,DIVIDEND,DEMO-V,0,0,9.67,Demo Roth IRA
2022-02-15,DIVIDEND,DEMO-MA,0,0,10.97,Demo Roth IRA
2022-02-15,DIVIDEND,DEMO-PEP,0,0,27.67,Demo Roth IRA
2022-02-15,BUY,DEMO-VTI,2.0691,217.49,450.01,Demo Taxable Brokerage
2022-02-15,BUY,DEMO-VTI,0.14,217.49,30.45,Demo Taxable Brokerage
2022-02-15,BUY,DEMO-JPM,0.24,155.78,37.39,Demo Taxable Brokerage
2022-02-15,BUY,DEMO-HD,0.22,320.54,70.52,Demo Taxable Brokerage
2022-02-15,DEPOSIT,,0,0,500.0,Demo Taxable Brokerage
2022-02-15,DIVIDEND,DEMO-VTI,0,0,30.45,Demo Taxable Brokerage
2022-02-15,DIVIDEND,DEMO-JNJ,0,0,45.98,Demo Taxable Brokerage
2022-02-15,DIVIDEND,DEMO-PG,0,0,34.64,Demo Taxable Brokerage
2022-02-15,DIVIDEND,DEMO-KO,0,0,17.24,Demo Taxable Brokerage
2022-02-15,REINVESTMENT,DEMO-KO,0.29993,57.48,17.24,Demo Taxable Brokerage
2022-02-15,DIVIDEND,DEMO-XOM,0,0,18.38,Demo Taxable Brokerage
2022-02-15,DIVIDEND,DEMO-CVX,0,0,33.83,Demo Taxable Brokerage
2022-02-15,DIVIDEND,DEMO-JPM,0,0,37.39,Demo Taxable Brokerage
2022-02-15,DIVIDEND,DEMO-HD,0,0,70.52,Demo Taxable Brokerage
2022-02-15,DIVIDEND,DEMO-WMT,0,0,6.95,Demo Taxable Brokerage
2022-03-15,BUY,DEMO-VOO,1.6212,394.78,640.02,Demo 401k
2022-03-15,BUY,DEMO-BND,1.9375,82.58,160.0,Demo 401k
2022-03-15,DEPOSIT,,0,0,800.0,Demo 401k
2022-03-15,BUY,DEMO-VOO,1.2665,394.78,499.99,Demo Roth IRA
2022-03-15,DEPOSIT,,0,0,500.0,Demo Roth IRA
2022-03-15,BUY,DEMO-VTI,2.1228,211.98,449.99,Demo Taxable Brokerage
2022-03-15,BUY,DEMO-AAPL,16.6047,150.56,2500.0,Demo Taxable Brokerage
2022-03-15,BUY,DEMO-PG,16.9216,147.74,2500.0,Demo Taxable Brokerage
2022-03-15,DEPOSIT,,0,0,5500.0,Demo Taxable Brokerage
2022-04-15,BUY,DEMO-VOO,1.6026,399.36,640.01,Demo 401k
2022-04-15,BUY,DEMO-BND,1.8964,84.37,160.0,Demo 401k
2022-04-15,DEPOSIT,,0,0,800.0,Demo 401k
2022-04-15,BUY,DEMO-VOO,1.252,399.36,500.0,Demo Roth IRA
2022-04-15,DEPOSIT,,0,0,500.0,Demo Roth IRA
2022-04-15,BUY,DEMO-VTI,2.1562,208.7,450.0,Demo Taxable Brokerage
2022-04-15,BUY,DEMO-JNJ,14.54,171.94,2500.01,Demo Taxable Brokerage
2022-04-15,DEPOSIT,,0,0,3000.0,Demo Taxable Brokerage
2022-05-15,BUY,DEMO-VOO,1.5552,411.51,639.98,Demo 401k
2022-05-15,BUY,DEMO-BND,1.8716,85.49,160.0,Demo 401k
2022-05-15,DEPOSIT,,0,0,800.0,Demo 401k
2022-05-15,BUY,DEMO-VOO,1.215,411.51,499.98,Demo Roth IRA
2022-05-15,BUY,DEMO-VOO,0.0813,411.51,33.46,Demo Roth IRA
2022-05-15,BUY,DEMO-V,0.0437,243.28,10.63,Demo Roth IRA
2022-05-15,BUY,DEMO-MA,0.0312,396.64,12.38,Demo Roth IRA
2022-05-15,BUY,DEMO-PEP,0.1625,165.57,26.91,Demo Roth IRA
2022-05-15,DEPOSIT,,0,0,500.0,Demo Roth IRA
2022-05-15,DIVIDEND,DEMO-VOO,0,0,33.44,Demo Roth IRA
2022-05-15,DIVIDEND,DEMO-V,0,0,10.64,Demo Roth IRA
2022-05-15,DIVIDEND,DEMO-MA,0,0,12.39,Demo Roth IRA
2022-05-15,DIVIDEND,DEMO-PEP,0,0,26.91,Demo Roth IRA
2022-05-15,BUY,DEMO-VTI,2.1506,209.24,449.99,Demo Taxable Brokerage
2022-05-15,BUY,DEMO-JPM,13.8412,180.62,2500.0,Demo Taxable Brokerage
2022-05-15,BUY,DEMO-VTI,0.14,209.24,29.29,Demo Taxable Brokerage
2022-05-15,BUY,DEMO-JPM,0.24,180.62,43.35,Demo Taxable Brokerage
2022-05-15,BUY,DEMO-HD,0.22,360.23,79.25,Demo Taxable Brokerage
2022-05-15,DEPOSIT,,0,0,3000.0,Demo Taxable Brokerage
2022-05-15,DIVIDEND,DEMO-VTI,0,0,29.29,Demo Taxable Brokerage
2022-05-15,DIVIDEND,DEMO-JNJ,0,0,49.5,Demo Taxable Brokerage
2022-05-15,DIVIDEND,DEMO-PG,0,0,37.08,Demo Taxable Brokerage
2022-05-15,DIVIDEND,DEMO-KO,0,0,16.94,Demo Taxable Brokerage
2022-05-15,REINVESTMENT,DEMO-KO,0.299982,56.47,16.94,Demo Taxable Brokerage
2022-05-15,DIVIDEND,DEMO-XOM,0,0,21.54,Demo Taxable Brokerage
2022-05-15,DIVIDEND,DEMO-CVX,0,0,42.02,Demo Taxable Brokerage
2022-05-15,DIVIDEND,DEMO-JPM,0,0,43.35,Demo Taxable Brokerage
2022-05-15,DIVIDEND,DEMO-HD,0,0,79.25,Demo Taxable Brokerage
2022-05-15,DIVIDEND,DEMO-WMT,0,0,6.82,Demo Taxable Brokerage
2022-06-15,BUY,DEMO-VOO,1.4934,428.55,640.0,Demo 401k
2022-06-15,BUY,DEMO-BND,1.8713,85.5,160.0,Demo 401k
2022-06-15,DEPOSIT,,0,0,800.0,Demo 401k
2022-06-15,BUY,DEMO-VOO,1.1667,428.55,499.99,Demo Roth IRA
2022-06-15,DEPOSIT,,0,0,500.0,Demo Roth IRA
2022-06-15,BUY,DEMO-VTI,2.1029,213.99,450.0,Demo Taxable Brokerage
2022-06-15,BUY,DEMO-KO,43.305,57.73,2500.0,Demo Taxable Brokerage
2022-06-15,DEPOSIT,,0,0,3000.0,Demo Taxable Brokerage
2022-07-15,BUY,DEMO-VOO,1.4344,446.17,639.99,Demo 401k
2022-07-15,BUY,DEMO-BND,1.8948,84.44,160.0,Demo 401k
2022-07-15,DEPOSIT,,0,0,800.0,Demo 401k
2022-07-15,BUY,DEMO-VOO,1.1206,446.17,499.98,Demo Roth IRA
2022-07-15,BUY,DEMO-MA,2.9104,412.31,1199.99,Demo Roth IRA
2022-07-15,DEPOSIT,,0,0,1700.0,Demo Roth IRA
2022-07-15,BUY,DEMO-VTI,2.0269,222.01,449.99,Demo Taxable Brokerage
2022-07-15,BUY,DEMO-MSFT,7.1249,350.88,2499.98,Demo Taxable Brokerage
2022-07-15,BUY,DEMO-HD,7.1144,351.4,2500.0,Demo Taxable Brokerage
2022-07-15,BUY,DEMO-WMT,48.5154,51.53,2500.0,Demo Taxable Brokerage
2022-07-15,DEPOSIT,,0,0,8000.0,Demo Taxable Brokerage
2022-08-15,BUY,DEMO-VOO,1.3917,459.86,639.99,Demo 401k
2022-08-15,BUY,DEMO-BND,1.9307,82.87,160.0,Demo 401k
2022-08-15,DEPOSIT,,0,0,800.0,Demo 401k
2022-08-15,BUY,DEMO-VOO,1.0873,459.86,500.01,Demo Roth IRA
2022-08-15,BUY,DEMO-NVDA,4.0602,295.55,1199.99,Demo Roth IRA
2022-08-15,BUY,DEMO-VOO,0.0812,459.86,37.34,Demo Roth IRA
2022-08-15,BUY,DEMO-V,0.0437,260.91,11.4,Demo Roth IRA
2022-08-15,BUY,DEMO-MA,0.0312,407.46,12.71,Demo Roth IRA
2022-08-15,BUY,DEMO-PEP,0.1625,174.68,28.39,Demo Roth IRA
2022-08-15,DEPOSIT,,0,0,1700.0,Demo Roth IRA
2022-08-15,DIVIDEND,DEMO-VOO,0,0,37.36,Demo Roth IRA
2022-08-15,DIVIDEND,DEMO-V,0,0,11.41,Demo Roth IRA
2022-08-15,DIVIDEND,DEMO-MA,0,0,12.73,Demo Roth IRA
2022-08-15,DIVIDEND,DEMO-PEP,0,0,28.39,Demo Roth IRA
2022-08-15,BUY,DEMO-VTI,1.9456,231.29,450.0,Demo Taxable Brokerage
2022-08-15,BUY,DEMO-VTI,0.14,231.29,32.38,Demo Taxable Brokerage
2022-08-15,BUY,DEMO-JPM,0.24,160.15,38.44,Demo Taxable Brokerage
2022-08-15,BUY,DEMO-HD,0.22,338.93,74.56,Demo Taxable Brokerage
2022-08-15,DEPOSIT,,0,0,500.0,Demo Taxable Brokerage
2022-08-15,DIVIDEND,DEMO-VTI,0,0,32.38,Demo Taxable Brokerage
2022-08-15,DIVIDEND,DEMO-JNJ,0,0,51.15,Demo Taxable Brokerage
2022-08-15,DIVIDEND,DEMO-PG,0,0,37.29,Demo Taxable Brokerage
2022-08-15,DIVIDEND,DEMO-KO,0,0,18.25,Demo Taxable Brokerage
2022-08-15,REINVESTMENT,DEMO-KO,0.300016,60.83,18.25,Demo Taxable Brokerage
2022-08-15,DIVIDEND,DEMO-XOM,0,0,24.81,Demo Taxable Brokerage
2022-08-15,DIVIDEND,DEMO-CVX,0,0,42.93,Demo Taxable Brokerage
2022-08-15,DIVIDEND,DEMO-JPM,0,0,38.44,Demo Taxable Brokerage
2022-08-15,DIVIDEND,DEMO-HD,0,0,74.56,Demo Taxable Brokerage
2022-08-15,DIVIDEND,DEMO-WMT,0,0,7.48,Demo Taxable Brokerage
2022-09-15,BUY,DEMO-VOO,1.3726,466.27,640.0,Demo 401k
2022-09-15,BUY,DEMO-BND,1.961,81.59,160.0,Demo 401k
2022-09-15,DEPOSIT,,0,0,800.0,Demo 401k
2022-09-15,BUY,DEMO-VOO,1.0723,466.27,499.98,Demo Roth IRA
2022-09-15,BUY,DEMO-META,2.7249,440.38,1199.99,Demo Roth IRA
2022-09-15,DEPOSIT,,0,0,1700.0,Demo Roth IRA
2022-09-15,BUY,DEMO-VTI,1.8796,239.41,450.0,Demo Taxable Brokerage
2022-09-15,BUY,DEMO-AMZN,12.8475,194.59,2500.0,Demo Taxable Brokerage
2022-09-15,BUY,DEMO-XOM,35.5215,70.38,2500.0,Demo Taxable Brokerage
2022-09-15,DEPOSIT,,0,0,5500.0,Demo Taxable Brokerage
2022-10-15,BUY,DEMO-VOO,1.3783,464.34,640.0,Demo 401k
2022-10-15,BUY,DEMO-BND,1.9687,81.27,160.0,Demo 401k
2022-10-15,DEPOSIT,,0,0,800.0,Demo 401k
2022-10-15,BUY,DEMO-VOO,1.0768,464.34,500.0,Demo Roth IRA
2022-10-15,BUY,DEMO-UNH,2.9995,400.07,1200.01,Demo Roth IRA
2022-10-15,BUY,DEMO-COST,2.3784,504.54,1200.0,Demo Roth IRA
2022-10-15,BUY,DEMO-PEP,6.6076,181.61,1200.01,Demo Roth IRA
2022-10-15,BUY,DEMO-TSLA,4.8664,246.59,1200.01,Demo Roth IRA
2022-10-15,DEPOSIT,,0,0,5300.0,Demo Roth IRA
2022-10-15,BUY,DEMO-VTI,1.8422,244.27,449.99,Demo Taxable Brokerage
2022-10-15,BUY,DEMO-CVX,24.5242,101.94,2500.0,Demo Taxable Brokerage
2022-10-15,DEPOSIT,,0,0,3000.0,Demo Taxable Brokerage
2022-11-15,BUY,DEMO-VOO,1.4045,455.69,640.02,Demo 401k
2022-11-15,BUY,DEMO-BND,1.9484,82.12,160.0,Demo 401k
2022-11-15,DEPOSIT,,0,0,800.0,Demo 401k
2022-11-15,BUY,DEMO-VOO,1.0972,455.69,499.98,Demo Roth IRA
2022-11-15,BUY,DEMO-V,4.9281,243.5,1199.99,Demo Roth IRA
2022-11-15,BUY,DEMO-VOO,0.0812,455.69,37.0,Demo Roth IRA
2022-11-15,BUY,DEMO-V,0.0437,243.5,10.64,Demo Roth IRA
2022-11-15,BUY,DEMO-MA,0.0313,381.95,11.96,Demo Roth IRA
2022-11-15,BUY,DEMO-PEP,0.1625,182.88,29.72,Demo Roth IRA
2022-11-15,DEPOSIT,,0,0,1700.0,Demo Roth IRA
2022-11-15,DIVIDEND,DEMO-VOO,0,0,37.02,Demo Roth IRA
2022-11-15,DIVIDEND,DEMO-V,0,0,10.65,Demo Roth IRA
2022-11-15,DIVIDEND,DEMO-MA,0,0,11.94,Demo Roth IRA
2022-11-15,DIVIDEND,DEMO-PEP,0,0,29.72,Demo Roth IRA
2022-11-15,BUY,DEMO-VTI,1.8382,244.8,449.99,Demo Taxable Brokerage
2022-11-15,BUY,DEMO-VTI,0.14,244.8,34.27,Demo Taxable Brokerage
2022-11-15,BUY,DEMO-JPM,0.24,176.51,42.36,Demo Taxable Brokerage
2022-11-15,BUY,DEMO-HD,0.22,328.57,72.29,Demo Taxable Brokerage
2022-11-15,DEPOSIT,,0,0,500.0,Demo Taxable Brokerage
2022-11-15,DIVIDEND,DEMO-VTI,0,0,34.27,Demo Taxable Brokerage
2022-11-15,DIVIDEND,DEMO-JNJ,0,0,48.3,Demo Taxable Brokerage
2022-11-15,DIVIDEND,DEMO-PG,0,0,35.68,Demo Taxable Brokerage
2022-11-15,DIVIDEND,DEMO-KO,0,0,18.2,Demo Taxable Brokerage
2022-11-15,REINVESTMENT,DEMO-KO,0.300033,60.66,18.2,Demo Taxable Brokerage
2022-11-15,DIVIDEND,DEMO-XOM,0,0,19.47,Demo Taxable Brokerage
2022-11-15,DIVIDEND,DEMO-CVX,0,0,35.59,Demo Taxable Brokerage
2022-11-15,DIVIDEND,DEMO-JPM,0,0,42.36,Demo Taxable Brokerage
2022-11-15,DIVIDEND,DEMO-HD,0,0,72.29,Demo Taxable Brokerage
2022-11-15,DIVIDEND,DEMO-WMT,0,0,7.83,Demo Taxable Brokerage
2022-12-15,BUY,DEMO-VOO,1.4411,444.1,639.99,Demo 401k
2022-12-15,BUY,DEMO-BND,1.9089,83.82,160.0,Demo 401k
2022-12-15,DEPOSIT,,0,0,800.0,Demo 401k
2022-12-15,BUY,DEMO-VOO,1.1259,444.1,500.01,Demo Roth IRA
2022-12-15,DEPOSIT,,0,0,500.0,Demo Roth IRA
2022-12-15,BUY,DEMO-VTI,1.8649,241.3,450.0,Demo Taxable Brokerage
2022-12-15,BUY,DEMO-GOOGL,17.8597,139.98,2500.0,Demo Taxable Brokerage
2022-12-15,BUY,DEMO-BAC,51.5996,48.45,2500.0,Demo Taxable Brokerage
2022-12-15,BUY,DEMO-DIS,17.0358,146.75,2500.0,Demo Taxable Brokerage
2022-12-15,DEPOSIT,,0,0,8000.0,Demo Taxable Brokerage
2023-01-15,BUY,DEMO-VOO,1.4734,434.38,640.02,Demo 401k
2023-01-15,BUY,DEMO-BND,1.8685,85.63,160.0,Demo 401k
2023-01-15,DEPOSIT,,0,0,800.0,Demo 401k
2023-01-15,BUY,DEMO-VOO,1.1511,434.38,500.01,Demo Roth IRA
2023-01-15,DEPOSIT,,0,0,500.0,Demo Roth IRA
2023-01-15,BUY,DEMO-VTI,1.9119,235.37,450.0,Demo Taxable Brokerage
2023-01-15,DEPOSIT,,0,0,500.0,Demo Taxable Brokerage
2023-02-15,BUY,DEMO-VOO,1.4855,430.83,640.0,Demo 401k
2023-02-15,BUY,DEMO-BND,1.844,86.77,160.0,Demo 401k
2023-02-15,DEPOSIT,,0,0,800.0,Demo 401k
2023-02-15,BUY,DEMO-VOO,1.1606,430.83,500.02,Demo Roth IRA
2023-02-15,BUY,DEMO-VOO,0.0812,430.83,34.98,Demo Roth IRA
2023-02-15,BUY,DEMO-V,0.0437,253.55,11.08,Demo Roth IRA
2023-02-15,BUY,DEMO-MA,0.0313,417.2,13.06,Demo Roth IRA
2023-02-15,BUY,DEMO-PEP,0.1625,177.06,28.77,Demo Roth IRA
2023-02-15,DEPOSIT,,0,0,500.0,Demo Roth IRA
2023-02-15,DIVIDEND,DEMO-VOO,0,0,35.0,Demo Roth IRA
2023-02-15,DIVIDEND,DEMO-V,0,0,11.09,Demo Roth IRA
2023-02-15,DIVIDEND,DEMO-MA,0,0,13.04,Demo Roth IRA
2023-02-15,DIVIDEND,DEMO-PEP,0,0,28.77,Demo Roth IRA
2023-02-15,BUY,DEMO-VTI,1.9616,229.4,449.99,Demo Taxable Brokerage
2023-02-15,BUY,DEMO-VTI,0.14,229.4,32.12,Demo Taxable Brokerage
2023-02-15,BUY,DEMO-JPM,0.24,187.23,44.94,Demo Taxable Brokerage
2023-02-15,BUY,DEMO-HD,0.22,375.04,82.51,Demo Taxable Brokerage
2023-02-15,DEPOSIT,,0,0,500.0,Demo Taxable Brokerage
2023-02-15,DIVIDEND,DEMO-VTI,0,0,32.12,Demo Taxable Brokerage
2023-02-15,DIVIDEND,DEMO-JNJ,0,0,47.36,Demo Taxable Brokerage
2023-02-15,DIVIDEND,DEMO-PG,0,0,36.37,Demo Taxable Brokerage
2023-02-15,DIVIDEND,DEMO-KO,0,0,17.36,Demo Taxable Brokerage
2023-02-15,REINVESTMENT,DEMO-KO,0.300035,57.86,17.36,Demo Taxable Brokerage
2023-02-15,DIVIDEND,DEMO-XOM,0,0,22.82,Demo Taxable Brokerage
2023-02-15,DIVIDEND,DEMO-CVX,0,0,44.2,Demo Taxable Brokerage
2023-02-15,DIVIDEND,DEMO-JPM,0,0,44.94,Demo Taxable Brokerage
2023-02-15,DIVIDEND,DEMO-HD,0,0,82.51,Demo Taxable Brokerage
2023-02-15,DIVIDEND,DEMO-WMT,0,0,7.45,Demo Taxable Brokerage
2023-03-15,BUY,DEMO-VOO,1.4685,435.82,640.0,Demo 401k
2023-03-15,BUY,DEMO-BND,1.8437,86.78,160.0,Demo 401k
2023-03-15,DEPOSIT,,0,0,800.0,Demo 401k
2023-03-15,BUY,DEMO-VOO,1.1473,435.82,500.02,Demo Roth IRA
2023-03-15,DEPOSIT,,0,0,500.0,Demo Roth IRA
2023-03-15,BUY,DEMO-VTI,1.9925,225.85,450.01,Demo Taxable Brokerage
2023-03-15,DEPOSIT,,0,0,500.0,Demo Taxable Brokerage
2023-04-15,BUY,DEMO-VOO,1.4251,449.09,640.0,Demo 401k
2023-04-15,BUY,DEMO-BND,1.867,85.7,160.0,Demo 401k
2023-04-15,DEPOSIT,,0,0,800.0,Demo 401k
2023-04-15,BUY,DEMO-VOO,1.1134,449.09,500.02,Demo Roth IRA
2023-04-15,DEPOSIT,,0,0,500.0,Demo Roth IRA
2023-04-15,BUY,DEMO-VTI,1.9873,226.44,450.0,Demo Taxable Brokerage
2023-04-15,DEPOSIT,,0,0,500.0,Demo Taxable Brokerage
2023-05-15,BUY,DEMO-VOO,1.3685,467.67,640.01,Demo 401k
2023-05-15,BUY,DEMO-BND,1.9023,84.11,160.0,Demo 401k
2023-05-15,DEPOSIT,,0,0,800.0,Demo 401k
2023-05-15,BUY,DEMO-VOO,1.0691,467.67,499.99,Demo Roth IRA
2023-05-15,BUY,DEMO-VOO,0.0813,467.67,38.02,Demo Roth IRA
2023-05-15,BUY,DEMO-V,0.0438,283.58,12.42,Demo Roth IRA
2023-05-15,BUY,DEMO-MA,0.0312,453.15,14.14,Demo Roth IRA
2023-05-15,BUY,DEMO-PEP,0.1625,172.2,27.98,Demo Roth IRA
2023-05-15,DEPOSIT,,0,0,500.0,Demo Roth IRA
2023-05-15,DIVIDEND,DEMO-VOO,0,0,38.0,Demo Roth IRA
2023-05-15,DIVIDEND,DEMO-V,0,0,12.41,Demo Roth IRA
2023-05-15,DIVIDEND,DEMO-MA,0,0,14.16,Demo Roth IRA
2023-05-15,DIVIDEND,DEMO-PEP,0,0,27.98,Demo Roth IRA
2023-05-15,BUY,DEMO-VTI,1.9432,231.58,450.01,Demo Taxable Brokerage
2023-05-15,BUY,DEMO-VTI,0.14,231.58,32.42,Demo Taxable Brokerage
2023-05-15,BUY,DEMO-JPM,0.24,167.93,40.3,Demo Taxable Brokerage
2023-05-15,BUY,DEMO-HD,0.22,374.68,82.43,Demo Taxable Brokerage
2023-05-15,DEPOSIT,,0,0,500.0,Demo Taxable Brokerage
2023-05-15,DIVIDEND,DEMO-VTI,0,0,32.42,Demo Taxable Brokerage
2023-05-15,DIVIDEND,DEMO-JNJ,0,0,50.99,Demo Taxable Brokerage
2023-05-15,DIVIDEND,DEMO-PG,0,0,38.94,Demo Taxable Brokerage
2023-05-15,DIVIDEND,DEMO-KO,0,0,18.4,Demo Taxable Brokerage
2023-05-15,REINVESTMENT,DEMO-KO,0.300016,61.33,18.4,Demo Taxable Brokerage
2023-05-15,DIVIDEND,DEMO-XOM,0,0,26.28,Demo Taxable Brokerage
2023-05-15,DIVIDEND,DEMO-CVX,0,0,45.17,Demo Taxable Brokerage
2023-05-15,DIVIDEND,DEMO-JPM,0,0,40.3,Demo Taxable Brokerage
2023-05-15,DIVIDEND,DEMO-HD,0,0,82.43,Demo Taxable Brokerage
2023-05-15,DIVIDEND,DEMO-WMT,0,0,7.61,Demo Taxable Brokerage
2023-06-15,BUY,DEMO-VOO,1.3144,486.91,639.99,Demo 401k
2023-06-15,BUY,DEMO-BND,1.9319,82.82,160.0,Demo 401k
2023-06-15,DEPOSIT,,0,0,800.0,Demo 401k
2023-06-15,BUY,DEMO-VOO,1.0269,486.91,500.01,Demo Roth IRA
2023-06-15,DEPOSIT,,0,0,500.0,Demo Roth IRA
2023-06-15,BUY,DEMO-VTI,1.873,240.26,450.01,Demo Taxable Brokerage
2023-06-15,DEPOSIT,,0,0,500.0,Demo Taxable Brokerage
2023-07-15,BUY,DEMO-VOO,1.2753,501.85,640.01,Demo 401k
2023-07-15,BUY,DEMO-BND,1.9396,82.49,160.0,Demo 401k
2023-07-15,DEPOSIT,,0,0,800.0,Demo 401k
2023-07-15,BUY,DEMO-VOO,0.9963,501.85,499.99,Demo Roth IRA
2023-07-15,DEPOSIT,,0,0,500.0,Demo Roth IRA
2023-07-15,BUY,DEMO-VTI,1.7978,250.3,449.99,Demo Taxable Brokerage
2023-07-15,DEPOSIT,,0,0,500.0,Demo Taxable Brokerage
2023-08-15,BUY,DEMO-VOO,1.2578,508.84,640.02,Demo 401k
2023-08-15,BUY,DEMO-BND,1.9196,83.35,160.0,Demo 401k
2023-08-15,DEPOSIT,,0,0,800.0,Demo 401k
2023-08-15,BUY,DEMO-VOO,0.9826,508.84,499.99,Demo Roth IRA
2023-08-15,BUY,DEMO-VOO,0.0812,508.84,41.32,Demo Roth IRA
2023-08-15,BUY,DEMO-V,0.0437,272.47,11.91,Demo Roth IRA
2023-08-15,BUY,DEMO-MA,0.0313,425.25,13.31,Demo Roth IRA
2023-08-15,BUY,DEMO-PEP,0.1625,181.67,29.52,Demo Roth IRA
2023-08-15,DEPOSIT,,0,0,500.0,Demo Roth IRA
2023-08-15,DIVIDEND,DEMO-VOO,0,0,41.34,Demo Roth IRA
2023-08-15,DIVIDEND,DEMO-V,0,0,11.92,Demo Roth IRA
2023-08-15,DIVIDEND,DEMO-MA,0,0,13.29,Demo Roth IRA
2023-08-15,DIVIDEND,DEMO-PEP,0,0,29.52,Demo Roth IRA
2023-08-15,BUY,DEMO-VTI,1.7368,259.09,449.99,Demo Taxable Brokerage
2023-08-15,BUY,DEMO-VTI,0.14,259.09,36.27,Demo Taxable Brokerage
2023-08-15,BUY,DEMO-JPM,0.24,198.19,47.57,Demo Taxable Brokerage
2023-08-15,BUY,DEMO-HD,0.22,345.11,75.92,Demo Taxable Brokerage
2023-08-15,DEPOSIT,,0,0,500.0,Demo Taxable Brokerage
2023-08-15,DIVIDEND,DEMO-VTI,0,0,36.27,Demo Taxable Brokerage
2023-08-15,DIVIDEND,DEMO-JNJ,0,0,52.69,Demo Taxable Brokerage
2023-08-15,DIVIDEND,DEMO-PG,0,0,39.15,Demo Taxable Brokerage
2023-08-15,DIVIDEND,DEMO-KO,0,0,19.08,Demo Taxable Brokerage
2023-08-15,REINVESTMENT,DEMO-KO,0.300047,63.59,19.08,Demo Taxable Brokerage
2023-08-15,DIVIDEND,DEMO-XOM,0,0,20.63,Demo Taxable Brokerage
2023-08-15,DIVIDEND,DEMO-CVX,0,0,37.44,Demo Taxable Brokerage
2023-08-15,DIVIDEND,DEMO-JPM,0,0,47.57,Demo Taxable Brokerage
2023-08-15,DIVIDEND,DEMO-HD,0,0,75.92,Demo Taxable Brokerage
2023-08-15,DIVIDEND,DEMO-WMT,0,0,8.4,Demo Taxable Brokerage
2023-09-15,BUY,DEMO-VOO,1.263,506.73,640.0,Demo 401k
2023-09-15,BUY,DEMO-BND,1.8808,85.07,160.0,Demo 401k
2023-09-15,DEPOSIT,,0,0,800.0,Demo 401k
2023-09-15,BUY,DEMO-VOO,0.9867,506.73,499.99,Demo Roth IRA
2023-09-15,DEPOSIT,,0,0,500.0,Demo Roth IRA
2023-09-15,BUY,DEMO-VTI,1.7023,264.35,450.0,Demo Taxable Brokerage
2023-09-15,DEPOSIT,,0,0,500.0,Demo Taxable Brokerage
2023-10-15,BUY,DEMO-VOO,1.287,497.29,640.01,Demo 401k
2023-10-15,BUY,DEMO-BND,1.841,86.91,160.0,Demo 401k
2023-10-15,DEPOSIT,,0,0,800.0,Demo 401k
2023-10-15,BUY,DEMO-VOO,1.0054,497.29,499.98,Demo Roth IRA
2023-10-15,DEPOSIT,,0,0,500.0,Demo Roth IRA
2023-10-15,BUY,DEMO-VTI,1.6986,264.92,449.99,Demo Taxable Brokerage
2023-10-15,DEPOSIT,,0,0,500.0,Demo Taxable Brokerage
2023-11-15,BUY,DEMO-VOO,1.3206,484.64,640.02,Demo 401k
2023-11-15,BUY,DEMO-BND,1.8167,88.07,160.0,Demo 401k
2023-11-15,DEPOSIT,,0,0,800.0,Demo 401k
2023-11-15,BUY,DEMO-VOO,1.0317,484.64,500.0,Demo Roth IRA
2023-11-15,BUY,DEMO-VOO,0.0813,484.64,39.4,Demo Roth IRA
2023-11-15,BUY,DEMO-V,0.0438,266.9,11.69,Demo Roth IRA
2023-11-15,BUY,DEMO-MA,0.0312,438.13,13.67,Demo Roth IRA
2023-11-15,BUY,DEMO-PEP,0.1625,190.2,30.91,Demo Roth IRA
2023-11-15,DEPOSIT,,0,0,500.0,Demo Roth IRA
2023-11-15,DIVIDEND,DEMO-VOO,0,0,39.38,Demo Roth IRA
2023-11-15,DIVIDEND,DEMO-V,0,0,11.68,Demo Roth IRA
2023-11-15,DIVIDEND,DEMO-MA,0,0,13.69,Demo Roth IRA
2023-11-15,DIVIDEND,DEMO-PEP,0,0,30.91,Demo Roth IRA
2023-11-15,BUY,DEMO-VTI,1.7232,261.14,450.0,Demo Taxable Brokerage
2023-11-15,BUY,DEMO-VTI,0.14,261.14,36.56,Demo Taxable Brokerage
2023-11-15,BUY,DEMO-JPM,0.24,188.47,45.23,Demo Taxable Brokerage
2023-11-15,BUY,DEMO-HD,0.22,382.98,84.26,Demo Taxable Brokerage
2023-11-15,DEPOSIT,,0,0,500.0,Demo Taxable Brokerage
2023-11-15,DIVIDEND,DEMO-VTI,0,0,36.56,Demo Taxable Brokerage
2023-11-15,DIVIDEND,DEMO-JNJ,0,0,49.75,Demo Taxable Brokerage
2023-11-15,DIVIDEND,DEMO-PG,0,0,37.46,Demo Taxable Brokerage
2023-11-15,DIVIDEND,DEMO-KO,0,0,18.07,Demo Taxable Brokerage
2023-11-15,REINVESTMENT,DEMO-KO,0.300017,60.23,18.07,Demo Taxable Brokerage
2023-11-15,DIVIDEND,DEMO-XOM,0,0,24.18,Demo Taxable Brokerage
2023-11-15,DIVIDEND,DEMO-CVX,0,0,46.5,Demo Taxable Brokerage
2023-11-15,DIVIDEND,DEMO-JPM,0,0,45.23,Demo Taxable Brokerage
2023-11-15,DIVIDEND,DEMO-HD,0,0,84.26,Demo Taxable Brokerage
2023-11-15,DIVIDEND,DEMO-WMT,0,0,8.44,Demo Taxable Brokerage
2023-12-15,BUY,DEMO-VOO,1.3501,474.04,640.0,Demo 401k
2023-12-15,BUY,DEMO-BND,1.8167,88.07,160.0,Demo 401k
2023-12-15,DEPOSIT,,0,0,800.0,Demo 401k
2023-12-15,BUY,DEMO-VOO,1.0548,474.04,500.02,Demo Roth IRA
2023-12-15,DEPOSIT,,0,0,500.0,Demo Roth IRA
2023-12-15,BUY,DEMO-VTI,1.7667,254.71,450.0,Demo Taxable Brokerage
2023-12-15,DEPOSIT,,0,0,500.0,Demo Taxable Brokerage
2024-01-15,BUY,DEMO-VOO,1.3612,470.16,639.98,Demo 401k
2024-01-15,BUY,DEMO-BND,1.8395,86.98,160.0,Demo 401k
2024-01-15,DEPOSIT,,0,0,800.0,Demo 401k
2024-01-15,BUY,DEMO-VOO,1.0635,470.16,500.02,Demo Roth IRA
2024-01-15,DEPOSIT,,0,0,500.0,Demo Roth IRA
2024-01-15,BUY,DEMO-VTI,1.8126,248.26,450.0,Demo Taxable Brokerage
2024-01-15,DEPOSIT,,0,0,500.0,Demo Taxable Brokerage
2024-02-15,BUY,DEMO-VOO,1.3456,475.61,639.98,Demo 401k
2024-02-15,BUY,DEMO-BND,1.8742,85.37,160.0,Demo 401k
2024-02-15,DEPOSIT,,0,0,800.0,Demo 401k
2024-02-15,BUY,DEMO-VOO,1.0513,475.61,500.01,Demo Roth IRA
2024-02-15,BUY,DEMO-VOO,0.0812,475.61,38.62,Demo Roth IRA
2024-02-15,BUY,DEMO-V,0.0438,301.66,13.21,Demo Roth IRA
2024-02-15,BUY,DEMO-MA,0.0313,493.61,15.45,Demo Roth IRA
2024-02-15,BUY,DEMO-PEP,0.1625,184.14,29.92,Demo Roth IRA
2024-02-15,DEPOSIT,,0,0,500.0,Demo Roth IRA
2024-02-15,DIVIDEND,DEMO-VOO,0,0,38.64,Demo Roth IRA
2024-02-15,DIVIDEND,DEMO-V,0,0,13.2,Demo Roth IRA
2024-02-15,DIVIDEND,DEMO-MA,0,0,15.43,Demo Roth IRA
2024-02-15,DIVIDEND,DEMO-PEP,0,0,29.92,Demo Roth IRA
2024-02-15,BUY,DEMO-VTI,1.8411,244.42,450.0,Demo Taxable Brokerage
2024-02-15,BUY,DEMO-VTI,0.14,244.42,34.22,Demo Taxable Brokerage
2024-02-15,BUY,DEMO-JPM,0.24,185.09,44.42,Demo Taxable Brokerage
2024-02-15,BUY,DEMO-HD,0.22,409.08,90.0,Demo Taxable Brokerage
2024-02-15,DEPOSIT,,0,0,500.0,Demo Taxable Brokerage
2024-02-15,DIVIDEND,DEMO-VTI,0,0,34.22,Demo Taxable Brokerage
2024-02-15,DIVIDEND,DEMO-JNJ,0,0,48.78,Demo Taxable Brokerage
2024-02-15,DIVIDEND,DEMO-PG,0,0,38.19,Demo Taxable Brokerage
2024-02-15,DIVIDEND,DEMO-KO,0,0,18.49,Demo Taxable Brokerage
2024-02-15,REINVESTMENT,DEMO-KO,0.300016,61.63,18.49,Demo Taxable Brokerage
2024-02-15,DIVIDEND,DEMO-XOM,0,0,27.84,Demo Taxable Brokerage
2024-02-15,DIVIDEND,DEMO-CVX,0,0,47.52,Demo Taxable Brokerage
2024-02-15,DIVIDEND,DEMO-JPM,0,0,44.42,Demo Taxable Brokerage
2024-02-15,DIVIDEND,DEMO-HD,0,0,90.0,Demo Taxable Brokerage
2024-02-15,DIVIDEND,DEMO-WMT,0,0,8.06,Demo Taxable Brokerage
2024-03-15,BUY,DEMO-VOO,1.3059,490.09,640.01,Demo 401k
2024-03-15,BUY,DEMO-BND,1.9036,84.05,160.0,Demo 401k
2024-03-15,DEPOSIT,,0,0,800.0,Demo 401k
2024-03-15,BUY,DEMO-VOO,1.0202,490.09,499.99,Demo Roth IRA
2024-03-15,DEPOSIT,,0,0,500.0,Demo Roth IRA
2024-03-15,BUY,DEMO-VTI,1.8364,245.05,450.01,Demo Taxable Brokerage
2024-03-15,DEPOSIT,,0,0,500.0,Demo Taxable Brokerage
2024-04-15,BUY,DEMO-VOO,1.254,510.37,640.0,Demo 401k
2024-04-15,BUY,DEMO-BND,1.9111,83.72,160.0,Demo 401k
2024-04-15,DEPOSIT,,0,0,800.0,Demo 401k
2024-04-15,BUY,DEMO-VOO,0.9797,510.37,500.01,Demo Roth IRA
2024-04-15,DEPOSIT,,0,0,500.0,Demo Roth IRA
2024-04-15,BUY,DEMO-VTI,1.7955,250.62,449.99,Demo Taxable Brokerage
2024-04-15,DEPOSIT,,0,0,500.0,Demo Taxable Brokerage
2024-05-15,BUY,DEMO-VOO,1.2045,531.36,640.02,Demo 401k
2024-05-15,BUY,DEMO-BND,1.8913,84.6,160.0,Demo 401k
2024-05-15,DEPOSIT,,0,0,800.0,Demo 401k
2024-05-15,BUY,DEMO-VOO,0.941,531.36,500.01,Demo Roth IRA
2024-05-15,BUY,DEMO-VOO,0.0812,531.36,43.15,Demo Roth IRA
2024-05-15,BUY,DEMO-V,0.0438,305.51,13.38,Demo Roth IRA
2024-05-15,BUY,DEMO-MA,0.0312,479.83,14.97,Demo Roth IRA
2024-05-15,BUY,DEMO-PEP,0.1625,179.08,29.1,Demo Roth IRA
2024-05-15,DEPOSIT,,0,0,500.0,Demo Roth IRA
2024-05-15,DIVIDEND,DEMO-VOO,0,0,43.17,Demo Roth IRA
2024-05-15,DIVIDEND,DEMO-V,0,0,13.37,Demo Roth IRA
2024-05-15,DIVIDEND,DEMO-MA,0,0,14.99,Demo Roth IRA
2024-05-15,DIVIDEND,DEMO-PEP,0,0,29.1,Demo Roth IRA
2024-05-15,BUY,DEMO-VTI,1.7307,260.01,450.0,Demo Taxable Brokerage
2024-05-15,BUY,DEMO-VTI,0.14,260.01,36.4,Demo Taxable Brokerage
2024-05-15,BUY,DEMO-JPM,0.24,214.59,51.5,Demo Taxable Brokerage
2024-05-15,BUY,DEMO-HD,0.22,372.88,82.03,Demo Taxable Brokerage
2024-05-15,DEPOSIT,,0,0,500.0,Demo Taxable Brokerage
2024-05-15,DIVIDEND,DEMO-VTI,0,0,36.4,Demo Taxable Brokerage
2024-05-15,DIVIDEND,DEMO-JNJ,0,0,52.52,Demo Taxable Brokerage
2024-05-15,DIVIDEND,DEMO-PG,0,0,40.88,Demo Taxable Brokerage
2024-05-15,DIVIDEND,DEMO-KO,0,0,19.74,Demo Taxable Brokerage
2024-05-15,REINVESTMENT,DEMO-KO,0.3,65.8,19.74,Demo Taxable Brokerage
2024-05-15,DIVIDEND,DEMO-XOM,0,0,21.85,Demo Taxable Brokerage
2024-05-15,DIVIDEND,DEMO-CVX,0,0,39.39,Demo Taxable Brokerage
2024-05-15,DIVIDEND,DEMO-JPM,0,0,51.5,Demo Taxable Brokerage
2024-05-15,DIVIDEND,DEMO-HD,0,0,82.03,Demo Taxable Brokerage
2024-05-15,DIVIDEND,DEMO-WMT,0,0,8.59,Demo Taxable Brokerage
2024-06-15,BUY,DEMO-VOO,1.1686,547.66,640.0,Demo 401k
2024-06-15,BUY,DEMO-BND,1.8531,86.34,160.0,Demo 401k
2024-06-15,DEPOSIT,,0,0,800.0,Demo 401k
2024-06-15,BUY,DEMO-VOO,0.913,547.66,500.01,Demo Roth IRA
2024-06-15,DEPOSIT,,0,0,500.0,Demo Roth IRA
2024-06-15,BUY,DEMO-VTI,1.6613,270.88,450.01,Demo Taxable Brokerage
2024-06-15,DEPOSIT,,0,0,500.0,Demo Taxable Brokerage
2024-07-15,BUY,DEMO-VOO,1.1526,555.29,640.03,Demo 401k
2024-07-15,BUY,DEMO-BND,1.8139,88.21,160.0,Demo 401k
2024-07-15,DEPOSIT,,0,0,800.0,Demo 401k
2024-07-15,BUY,DEMO-VOO,0.9004,555.29,499.98,Demo Roth IRA
2024-07-15,BUY,DEMO-META,2.8823,416.33,1199.99,Demo Roth IRA
2024-07-15,DEPOSIT,,0,0,1700.0,Demo Roth IRA
2024-07-15,BUY,DEMO-VTI,1.605,280.38,450.01,Demo Taxable Brokerage
2024-07-15,DEPOSIT,,0,0,500.0,Demo Taxable Brokerage
2024-08-15,BUY,DEMO-VOO,1.1573,553.0,639.99,Demo 401k
2024-08-15,BUY,DEMO-BND,1.7899,89.39,160.0,Demo 401k
2024-08-15,DEPOSIT,,0,0,800.0,Demo 401k
2024-08-15,BUY,DEMO-VOO,0.9042,553.0,500.02,Demo Roth IRA
2024-08-15,BUY,DEMO-PEP,6.3512,188.94,1200.0,Demo Roth IRA
2024-08-15,BUY,DEMO-VOO,0.0812,553.0,44.9,Demo Roth IRA
2024-08-15,BUY,DEMO-V,0.0438,287.02,12.57,Demo Roth IRA
2024-08-15,BUY,DEMO-MA,0.0312,466.01,14.54,Demo Roth IRA
2024-08-15,BUY,DEMO-PEP,0.1625,188.94,30.7,Demo Roth IRA
2024-08-15,DEPOSIT,,0,0,1700.0,Demo Roth IRA
2024-08-15,DIVIDEND,DEMO-VOO,0,0,44.93,Demo Roth IRA
2024-08-15,DIVIDEND,DEMO-V,0,0,12.56,Demo Roth IRA
2024-08-15,DIVIDEND,DEMO-MA,0,0,14.56,Demo Roth IRA
2024-08-15,DIVIDEND,DEMO-PEP,0,0,30.7,Demo Roth IRA
2024-08-15,BUY,DEMO-VTI,1.573,286.08,450.0,Demo Taxable Brokerage
2024-08-15,BUY,DEMO-VTI,0.14,286.08,40.05,Demo Taxable Brokerage
2024-08-15,BUY,DEMO-JPM,0.24,190.27,45.66,Demo Taxable Brokerage
2024-08-15,BUY,DEMO-HD,0.22,388.55,85.48,Demo Taxable Brokerage
2024-08-15,DEPOSIT,,0,0,500.0,Demo Taxable Brokerage
2024-08-15,DIVIDEND,DEMO-VTI,0,0,40.05,Demo Taxable Brokerage
2024-08-15,DIVIDEND,DEMO-JNJ,0,0,54.27,Demo Taxable Brokerage
2024-08-15,DIVIDEND,DEMO-PG,0,0,41.11,Demo Taxable Brokerage
2024-08-15,DIVIDEND,DEMO-KO,0,0,19.02,Demo Taxable Brokerage
2024-08-15,REINVESTMENT,DEMO-KO,0.3,63.4,19.02,Demo Taxable Brokerage
2024-08-15,DIVIDEND,DEMO-XOM,0,0,25.61,Demo Taxable Brokerage
2024-08-15,DIVIDEND,DEMO-CVX,0,0,48.93,Demo Taxable Brokerage
2024-08-15,DIVIDEND,DEMO-JPM,0,0,45.66,Demo Taxable Brokerage
2024-08-15,DIVIDEND,DEMO-HD,0,0,85.48,Demo Taxable Brokerage
2024-08-15,DIVIDEND,DEMO-WMT,0,0,9.32,Demo Taxable Brokerage
2024-09-15,BUY,DEMO-VOO,1.1793,542.69,639.99,Demo 401k
2024-09-15,BUY,DEMO-BND,1.7899,89.39,160.0,Demo 401k
2024-09-15,DEPOSIT,,0,0,800.0,Demo 401k
2024-09-15,BUY,DEMO-VOO,0.9213,542.69,499.98,Demo Roth IRA
2024-09-15,DEPOSIT,,0,0,500.0,Demo Roth IRA
2024-09-15,BUY,DEMO-VTI,1.5696,286.7,450.0,Demo Taxable Brokerage
2024-09-15,BUY,DEMO-AAPL,10.9452,228.41,2499.99,Demo Taxable Brokerage
2024-09-15,DEPOSIT,,0,0,3000.0,Demo Taxable Brokerage
2024-10-15,BUY,DEMO-VOO,1.2101,528.89,640.01,Demo 401k
2024-10-15,BUY,DEMO-BND,1.8124,88.28,160.0,Demo 401k
2024-10-15,DEPOSIT,,0,0,800.0,Demo 401k
2024-10-15,BUY,DEMO-VOO,0.9454,528.89,500.01,Demo Roth IRA
2024-10-15,DEPOSIT,,0,0,500.0,Demo Roth IRA
2024-10-15,BUY,DEMO-VTI,1.5924,282.6,450.01,Demo Taxable Brokerage
2024-10-15,BUY,DEMO-BAC,51.7491,48.31,2500.0,Demo Taxable Brokerage
2024-10-15,DEPOSIT,,0,0,3000.0,Demo Taxable Brokerage
2024-11-15,BUY,DEMO-VOO,1.2371,517.32,639.98,Demo 401k
2024-11-15,BUY,DEMO-BND,1.8465,86.65,160.0,Demo 401k
2024-11-15,DEPOSIT,,0,0,800.0,Demo 401k
2024-11-15,BUY,DEMO-VOO,0.9665,517.32,499.99,Demo Roth IRA
2024-11-15,BUY,DEMO-VOO,0.0812,517.32,42.01,Demo Roth IRA
2024-11-15,BUY,DEMO-V,0.0438,315.8,13.83,Demo Roth IRA
2024-11-15,BUY,DEMO-MA,0.0312,526.55,16.43,Demo Roth IRA
2024-11-15,BUY,DEMO-PEP,0.1625,197.8,32.14,Demo Roth IRA
2024-11-15,DEPOSIT,,0,0,500.0,Demo Roth IRA
2024-11-15,DIVIDEND,DEMO-VOO,0,0,42.03,Demo Roth IRA
2024-11-15,DIVIDEND,DEMO-V,0,0,13.82,Demo Roth IRA
2024-11-15,DIVIDEND,DEMO-MA,0,0,16.45,Demo Roth IRA
2024-11-15,DIVIDEND,DEMO-PEP,0,0,32.14,Demo Roth IRA
2024-11-15,BUY,DEMO-VTI,1.6325,275.65,450.0,Demo Taxable Brokerage
2024-11-15,BUY,DEMO-VTI,0.14,275.65,38.59,Demo Taxable Brokerage
2024-11-15,BUY,DEMO-JPM,0.24,209.71,50.33,Demo Taxable Brokerage
2024-11-15,BUY,DEMO-HD,0.22,436.66,96.07,Demo Taxable Brokerage
2024-11-15,DEPOSIT,,0,0,500.0,Demo Taxable Brokerage
2024-11-15,DIVIDEND,DEMO-VTI,0,0,38.59,Demo Taxable Brokerage
2024-11-15,DIVIDEND,DEMO-JNJ,0,0,51.24,Demo Taxable Brokerage
2024-11-15,DIVIDEND,DEMO-PG,0,0,39.34,Demo Taxable Brokerage
2024-11-15,DIVIDEND,DEMO-KO,0,0,18.69,Demo Taxable Brokerage
2024-11-15,REINVESTMENT,DEMO-KO,0.300048,62.29,18.69,Demo Taxable Brokerage
2024-11-15,DIVIDEND,DEMO-XOM,0,0,29.5,Demo Taxable Brokerage
2024-11-15,DIVIDEND,DEMO-CVX,0,0,49.99,Demo Taxable Brokerage
2024-11-15,DIVIDEND,DEMO-JPM,0,0,50.33,Demo Taxable Brokerage
2024-11-15,DIVIDEND,DEMO-HD,0,0,96.07,Demo Taxable Brokerage
2024-11-15,DIVIDEND,DEMO-WMT,0,0,9.04,Demo Taxable Brokerage
2024-12-15,BUY,DEMO-VOO,1.2474,513.08,640.02,Demo 401k
2024-12-15,BUY,DEMO-BND,1.8755,85.31,160.0,Demo 401k
2024-12-15,DEPOSIT,,0,0,800.0,Demo 401k
2024-12-15,BUY,DEMO-VOO,0.9745,513.08,500.0,Demo Roth IRA
2024-12-15,BUY,DEMO-COST,1.7497,685.83,1200.0,Demo Roth IRA
2024-12-15,DEPOSIT,,0,0,1700.0,Demo Roth IRA
2024-12-15,BUY,DEMO-VTI,1.675,268.66,450.01,Demo Taxable Brokerage
2024-12-15,DEPOSIT,,0,0,500.0,Demo Taxable Brokerage
2025-01-15,BUY,DEMO-VOO,1.233,519.04,639.98,Demo 401k
2025-01-15,BUY,DEMO-BND,1.8828,84.98,160.0,Demo 401k
2025-01-15,DEPOSIT,,0,0,800.0,Demo 401k
2025-01-15,BUY,DEMO-VOO,0.9633,519.04,499.99,Demo Roth IRA
2025-01-15,DEPOSIT,,0,0,500.0,Demo Roth IRA
2025-01-15,BUY,DEMO-VTI,1.7013,264.51,450.01,Demo Taxable Brokerage
2025-01-15,DEPOSIT,,0,0,500.0,Demo Taxable Brokerage
2025-02-15,BUY,DEMO-VOO,1.1966,534.83,639.98,Demo 401k
2025-02-15,BUY,DEMO-BND,1.8633,85.87,160.0,Demo 401k
2025-02-15,DEPOSIT,,0,0,800.0,Demo 401k
2025-02-15,BUY,DEMO-VOO,0.9349,534.83,500.01,Demo Roth IRA
2025-02-15,BUY,DEMO-VOO,0.0812,534.83,43.43,Demo Roth IRA
2025-02-15,BUY,DEMO-V,0.0438,338.69,14.83,Demo Roth IRA
2025-02-15,BUY,DEMO-MA,0.0312,540.92,16.88,Demo Roth IRA
2025-02-15,BUY,DEMO-PEP,0.1625,191.5,31.12,Demo Roth IRA
2025-02-15,DEPOSIT,,0,0,500.0,Demo Roth IRA
2025-02-15,DIVIDEND,DEMO-VOO,0,0,43.45,Demo Roth IRA
2025-02-15,DIVIDEND,DEMO-V,0,0,14.82,Demo Roth IRA
2025-02-15,DIVIDEND,DEMO-MA,0,0,16.9,Demo Roth IRA
2025-02-15,DIVIDEND,DEMO-PEP,0,0,31.12,Demo Roth IRA
2025-02-15,BUY,DEMO-VTI,1.6969,265.19,450.0,Demo Taxable Brokerage
2025-02-15,BUY,DEMO-VTI,0.14,265.19,37.13,Demo Taxable Brokerage
2025-02-15,BUY,DEMO-JPM,0.24,222.45,53.39,Demo Taxable Brokerage
2025-02-15,BUY,DEMO-HD,0.22,410.83,90.38,Demo Taxable Brokerage
2025-02-15,DEPOSIT,,0,0,500.0,Demo Taxable Brokerage
2025-02-15,DIVIDEND,DEMO-VTI,0,0,37.13,Demo Taxable Brokerage
2025-02-15,DIVIDEND,DEMO-JNJ,0,0,50.24,Demo Taxable Brokerage
2025-02-15,DIVIDEND,DEMO-PG,0,0,40.1,Demo Taxable Brokerage
2025-02-15,DIVIDEND,DEMO-KO,0,0,20.13,Demo Taxable Brokerage
2025-02-15,REINVESTMENT,DEMO-KO,0.300045,67.09,20.13,Demo Taxable Brokerage
2025-02-15,DIVIDEND,DEMO-XOM,0,0,23.15,Demo Taxable Brokerage
2025-02-15,DIVIDEND,DEMO-CVX,0,0,41.44,Demo Taxable Brokerage
2025-02-15,DIVIDEND,DEMO-JPM,0,0,53.39,Demo Taxable Brokerage
2025-02-15,DIVIDEND,DEMO-HD,0,0,90.38,Demo Taxable Brokerage
2025-02-15,DIVIDEND,DEMO-WMT,0,0,8.86,Demo Taxable Brokerage
2025-03-15,BUY,DEMO-VOO,1.1491,556.97,640.01,Demo 401k
2025-03-15,BUY,DEMO-BND,1.8257,87.64,160.0,Demo 401k
2025-03-15,DEPOSIT,,0,0,800.0,Demo 401k
2025-03-15,BUY,DEMO-VOO,0.8977,556.97,499.99,Demo Roth IRA
2025-03-15,DEPOSIT,,0,0,500.0,Demo Roth IRA
2025-03-15,BUY,DEMO-VTI,1.6592,271.22,450.01,Demo Taxable Brokerage
2025-03-15,BUY,DEMO-XOM,36.1376,69.18,2500.0,Demo Taxable Brokerage
2025-03-15,DEPOSIT,,0,0,3000.0,Demo Taxable Brokerage
2025-04-15,BUY,DEMO-VOO,1.1037,579.88,640.01,Demo 401k
2025-04-15,BUY,DEMO-BND,1.7871,89.53,160.0,Demo 401k
2025-04-15,DEPOSIT,,0,0,800.0,Demo 401k
2025-04-15,BUY,DEMO-VOO,0.8622,579.88,499.97,Demo Roth IRA
2025-04-15,BUY,DEMO-TSLA,4.3076,278.58,1200.01,Demo Roth IRA
2025-04-15,DEPOSIT,,0,0,1700.0,Demo Roth IRA
2025-04-15,BUY,DEMO-VTI,1.5993,281.38,450.01,Demo Taxable Brokerage
2025-04-15,BUY,DEMO-KO,36.8243,67.89,2500.0,Demo Taxable Brokerage
2025-04-15,DEPOSIT,,0,0,3000.0,Demo Taxable Brokerage
2025-05-15,BUY,DEMO-VOO,1.0708,597.66,639.97,Demo 401k
2025-05-15,BUY,DEMO-BND,1.7635,90.73,160.0,Demo 401k
2025-05-15,DEPOSIT,,0,0,800.0,Demo 401k
2025-05-15,BUY,DEMO-VOO,0.8366,597.66,500.0,Demo Roth IRA
2025-05-15,BUY,DEMO-V,3.7964,316.09,1200.0,Demo Roth IRA
2025-05-15,BUY,DEMO-MA,2.3666,507.05,1199.98,Demo Roth IRA
2025-05-15,BUY,DEMO-VOO,0.0813,597.66,48.59,Demo Roth IRA
2025-05-15,BUY,DEMO-V,0.0438,316.09,13.84,Demo Roth IRA
2025-05-15,BUY,DEMO-MA,0.0313,507.05,15.87,Demo Roth IRA
2025-05-15,BUY,DEMO-PEP,0.1625,186.25,30.27,Demo Roth IRA
2025-05-15,DEPOSIT,,0,0,2900.0,Demo Roth IRA
2025-05-15,DIVIDEND,DEMO-VOO,0,0,48.56,Demo Roth IRA
2025-05-15,DIVIDEND,DEMO-V,0,0,13.83,Demo Roth IRA
2025-05-15,DIVIDEND,DEMO-MA,0,0,15.85,Demo Roth IRA
2025-05-15,DIVIDEND,DEMO-PEP,0,0,30.27,Demo Roth IRA
2025-05-15,BUY,DEMO-VTI,1.5351,293.15,450.01,Demo Taxable Brokerage
2025-05-15,BUY,DEMO-VTI,0.14,293.15,41.04,Demo Taxable Brokerage
2025-05-15,BUY,DEMO-JPM,0.24,199.52,47.88,Demo Taxable Brokerage
2025-05-15,BUY,DEMO-HD,0.22,398.28,87.62,Demo Taxable Brokerage
2025-05-15,DEPOSIT,,0,0,500.0,Demo Taxable Brokerage
2025-05-15,DIVIDEND,DEMO-VTI,0,0,41.04,Demo Taxable Brokerage
2025-05-15,DIVIDEND,DEMO-JNJ,0,0,54.1,Demo Taxable Brokerage
2025-05-15,DIVIDEND,DEMO-PG,0,0,42.93,Demo Taxable Brokerage
2025-05-15,DIVIDEND,DEMO-KO,0,0,20.07,Demo Taxable Brokerage
2025-05-15,REINVESTMENT,DEMO-KO,0.299955,66.91,20.07,Demo Taxable Brokerage
2025-05-15,DIVIDEND,DEMO-XOM,0,0,27.14,Demo Taxable Brokerage
2025-05-15,DIVIDEND,DEMO-CVX,0,0,51.47,Demo Taxable Brokerage
2025-05-15,DIVIDEND,DEMO-JPM,0,0,47.88,Demo Taxable Brokerage
2025-05-15,DIVIDEND,DEMO-HD,0,0,87.62,Demo Taxable Brokerage
2025-05-15,DIVIDEND,DEMO-WMT,0,0,9.72,Demo Taxable Brokerage
2025-05-15,SELL,DEMO-DIS,8.0,141.93,1135.44,Demo Taxable Brokerage
2025-06-02,BUY,DEMO-DIS,8.0,131.87,1054.96,Demo Taxable Brokerage
2025-06-15,BUY,DEMO-VOO,1.0561,605.99,639.99,Demo 401k
2025-06-15,BUY,DEMO-BND,1.7635,90.73,160.0,Demo 401k
2025-06-15,DEPOSIT,,0,0,800.0,Demo 401k
2025-06-15,BUY,DEMO-VOO,0.8251,605.99,500.0,Demo Roth IRA
2025-06-15,DEPOSIT,,0,0,500.0,Demo Roth IRA
2025-06-15,BUY,DEMO-VTI,1.483,303.43,449.99,Demo Taxable Brokerage
2025-06-15,BUY,DEMO-JNJ,12.6557,197.54,2500.01,Demo Taxable Brokerage
2025-06-15,BUY,DEMO-DIS,19.8855,125.72,2500.01,Demo Taxable Brokerage
2025-06-15,DEPOSIT,,0,0,5500.0,Demo Taxable Brokerage
2025-07-15,BUY,DEMO-VOO,1.0605,603.48,639.99,Demo 401k
2025-07-15,BUY,DEMO-BND,1.7855,89.61,160.0,Demo 401k
2025-07-15,DEPOSIT,,0,0,800.0,Demo 401k
2025-07-15,BUY,DEMO-VOO,0.8285,603.48,499.98,Demo Roth IRA
2025-07-15,DEPOSIT,,0,0,500.0,Demo Roth IRA
2025-07-15,BUY,DEMO-VTI,1.4535,309.59,449.99,Demo Taxable Brokerage
2025-07-15,DEPOSIT,,0,0,500.0,Demo Taxable Brokerage
2025-08-15,BUY,DEMO-VOO,1.0806,592.24,639.97,Demo 401k
2025-08-15,BUY,DEMO-BND,1.8194,87.94,160.0,Demo 401k
2025-08-15,DEPOSIT,,0,0,800.0,Demo 401k
2025-08-15,BUY,DEMO-VOO,0.8443,592.24,500.03,Demo Roth IRA
2025-08-15,BUY,DEMO-UNH,2.348,511.08,1200.02,Demo Roth IRA
2025-08-15,BUY,DEMO-VOO,0.0813,592.24,48.15,Demo Roth IRA
2025-08-15,BUY,DEMO-V,0.0438,329.14,14.42,Demo Roth IRA
2025-08-15,BUY,DEMO-MA,0.0313,553.85,17.34,Demo Roth IRA
2025-08-15,BUY,DEMO-PEP,0.1625,196.49,31.93,Demo Roth IRA
2025-08-15,DEPOSIT,,0,0,1700.0,Demo Roth IRA
2025-08-15,DIVIDEND,DEMO-VOO,0,0,48.12,Demo Roth IRA
2025-08-15,DIVIDEND,DEMO-V,0,0,14.4,Demo Roth IRA
2025-08-15,DIVIDEND,DEMO-MA,0,0,17.31,Demo Roth IRA
2025-08-15,DIVIDEND,DEMO-PEP,0,0,31.93,Demo Roth IRA
2025-08-15,BUY,DEMO-VTI,1.4503,310.27,449.98,Demo Taxable Brokerage
2025-08-15,BUY,DEMO-VTI,0.14,310.27,43.44,Demo Taxable Brokerage
2025-08-15,BUY,DEMO-JPM,0.24,235.47,56.51,Demo Taxable Brokerage
2025-08-15,BUY,DEMO-HD,0.22,454.61,100.01,Demo Taxable Brokerage
2025-08-15,DEPOSIT,,0,0,500.0,Demo Taxable Brokerage
2025-08-15,DIVIDEND,DEMO-VTI,0,0,43.44,Demo Taxable Brokerage
2025-08-15,DIVIDEND,DEMO-JNJ,0,0,55.9,Demo Taxable Brokerage
2025-08-15,DIVIDEND,DEMO-PG,0,0,43.17,Demo Taxable Brokerage
2025-08-15,DIVIDEND,DEMO-KO,0,0,19.15,Demo Taxable Brokerage
2025-08-15,REINVESTMENT,DEMO-KO,0.300063,63.82,19.15,Demo Taxable Brokerage
2025-08-15,DIVIDEND,DEMO-XOM,0,0,31.25,Demo Taxable Brokerage
2025-08-15,DIVIDEND,DEMO-CVX,0,0,52.59,Demo Taxable Brokerage
2025-08-15,DIVIDEND,DEMO-JPM,0,0,56.51,Demo Taxable Brokerage
2025-08-15,DIVIDEND,DEMO-HD,0,0,100.01,Demo Taxable Brokerage
2025-08-15,DIVIDEND,DEMO-WMT,0,0,10.18,Demo Taxable Brokerage
2025-08-15,SELL,DEMO-AAPL,23.2466,208.49,4846.68,Demo Taxable Brokerage
2025-09-15,BUY,DEMO-VOO,1.1088,577.18,639.98,Demo 401k
2025-09-15,BUY,DEMO-BND,1.8478,86.59,160.0,Demo 401k
2025-09-15,DEPOSIT,,0,0,800.0,Demo 401k
2025-09-15,BUY,DEMO-VOO,0.8663,577.18,500.01,Demo Roth IRA
2025-09-15,DEPOSIT,,0,0,500.0,Demo Roth IRA
2025-09-15,BUY,DEMO-VTI,1.4714,305.83,450.0,Demo Taxable Brokerage
2025-09-15,BUY,DEMO-WMT,34.8044,71.83,2500.0,Demo Taxable Brokerage
2025-09-15,DEPOSIT,,0,0,3000.0,Demo Taxable Brokerage
2025-10-15,BUY,DEMO-VOO,1.1336,564.55,639.97,Demo 401k
2025-10-15,BUY,DEMO-BND,1.8551,86.25,160.0,Demo 401k
2025-10-15,DEPOSIT,,0,0,800.0,Demo 401k
2025-10-15,BUY,DEMO-VOO,0.8857,564.55,500.02,Demo Roth IRA
2025-10-15,BUY,DEMO-NVDA,1.7506,685.47,1199.98,Demo Roth IRA
2025-10-15,DEPOSIT,,0,0,1700.0,Demo Roth IRA
2025-10-15,BUY,DEMO-VTI,1.5085,298.31,450.0,Demo Taxable Brokerage
2025-10-15,DEPOSIT,,0,0,500.0,Demo Taxable Brokerage
2025-11-15,BUY,DEMO-VOO,1.143,559.93,640.0,Demo 401k
2025-11-15,BUY,DEMO-BND,1.8359,87.15,160.0,Demo 401k
2025-11-15,DEPOSIT,,0,0,800.0,Demo 401k
2025-11-15,BUY,DEMO-VOO,0.893,559.93,500.02,Demo Roth IRA
2025-11-15,BUY,DEMO-VOO,0.0812,559.93,45.47,Demo Roth IRA
2025-11-15,BUY,DEMO-V,0.0437,368.11,16.09,Demo Roth IRA
2025-11-15,BUY,DEMO-MA,0.0313,601.57,18.83,Demo Roth IRA
2025-11-15,BUY,DEMO-PEP,0.1625,205.72,33.43,Demo Roth IRA
2025-11-15,DEPOSIT,,0,0,500.0,Demo Roth IRA
2025-11-15,DIVIDEND,DEMO-VOO,0,0,45.49,Demo Roth IRA
2025-11-15,DIVIDEND,DEMO-V,0,0,16.1,Demo Roth IRA
2025-11-15,DIVIDEND,DEMO-MA,0,0,18.8,Demo Roth IRA
2025-11-15,DIVIDEND,DEMO-PEP,0,0,33.43,Demo Roth IRA
2025-11-15,BUY,DEMO-VTI,1.5477,290.75,449.99,Demo Taxable Brokerage
2025-11-15,BUY,DEMO-PG,14.5264,172.1,2499.99,Demo Taxable Brokerage
2025-11-15,BUY,DEMO-JPM,11.1647,223.92,2500.0,Demo Taxable Brokerage
2025-11-15,BUY,DEMO-HD,5.5045,454.17,2499.98,Demo Taxable Brokerage
2025-11-15,BUY,DEMO-VTI,0.14,290.75,40.71,Demo Taxable Brokerage
2025-11-15,BUY,DEMO-JPM,0.24,223.92,53.74,Demo Taxable Brokerage
2025-11-15,BUY,DEMO-HD,0.22,454.17,99.92,Demo Taxable Brokerage
2025-11-15,DEPOSIT,,0,0,8000.0,Demo Taxable Brokerage
2025-11-15,DIVIDEND,DEMO-VTI,0,0,40.7,Demo Taxable Brokerage
2025-11-15,DIVIDEND,DEMO-JNJ,0,0,52.78,Demo Taxable Brokerage
2025-11-15,DIVIDEND,DEMO-PG,0,0,41.3,Demo Taxable Brokerage
2025-11-15,DIVIDEND,DEMO-KO,0,0,20.3,Demo Taxable Brokerage
2025-11-15,REINVESTMENT,DEMO-KO,0.300074,67.65,20.3,Demo Taxable Brokerage
2025-11-15,DIVIDEND,DEMO-XOM,0,0,24.53,Demo Taxable Brokerage
2025-11-15,DIVIDEND,DEMO-CVX,0,0,43.6,Demo Taxable Brokerage
2025-11-15,DIVIDEND,DEMO-JPM,0,0,53.74,Demo Taxable Brokerage
2025-11-15,DIVIDEND,DEMO-HD,0,0,99.92,Demo Taxable Brokerage
2025-11-15,DIVIDEND,DEMO-WMT,0,0,9.68,Demo Taxable Brokerage
2025-12-15,BUY,DEMO-VOO,1.1299,566.42,640.0,Demo 401k
2025-12-15,BUY,DEMO-BND,1.7988,88.95,160.0,Demo 401k
2025-12-15,DEPOSIT,,0,0,800.0,Demo 401k
2025-12-15,BUY,DEMO-VOO,0.8827,566.42,499.98,Demo Roth IRA
2025-12-15,DEPOSIT,,0,0,500.0,Demo Roth IRA
2025-12-15,BUY,DEMO-VTI,1.5721,286.25,450.01,Demo Taxable Brokerage
2025-12-15,BUY,DEMO-GOOGL,13.0589,191.44,2500.0,Demo Taxable Brokerage
2025-12-15,DEPOSIT,,0,0,3000.0,Demo Taxable Brokerage
2026-01-15,BUY,DEMO-VOO,1.0965,583.66,639.98,Demo 401k
2026-01-15,BUY,DEMO-BND,1.7608,90.87,160.0,Demo 401k
2026-01-15,DEPOSIT,,0,0,800.0,Demo 401k
2026-01-15,BUY,DEMO-VOO,0.8567,583.66,500.02,Demo Roth IRA
2026-01-15,DEPOSIT,,0,0,500.0,Demo Roth IRA
2026-01-15,BUY,DEMO-VTI,1.568,286.99,450.0,Demo Taxable Brokerage
2026-01-15,BUY,DEMO-MSFT,5.1102,489.22,2500.01,Demo Taxable Brokerage
2026-01-15,BUY,DEMO-AMZN,11.1822,223.57,2500.0,Demo Taxable Brokerage
2026-01-15,DEPOSIT,,0,0,5500.0,Demo Taxable Brokerage
2026-02-15,BUY,DEMO-VOO,1.0529,607.82,639.97,Demo 401k
2026-02-15,BUY,DEMO-BND,1.7376,92.08,160.0,Demo 401k
2026-02-15,DEPOSIT,,0,0,800.0,Demo 401k
2026-02-15,BUY,DEMO-VOO,0.8226,607.82,499.99,Demo Roth IRA
2026-02-15,BUY,DEMO-VOO,0.0813,607.82,49.42,Demo Roth IRA
2026-02-15,BUY,DEMO-V,0.0437,353.69,15.46,Demo Roth IRA
2026-02-15,BUY,DEMO-MA,0.0312,564.53,17.61,Demo Roth IRA
2026-02-15,BUY,DEMO-PEP,0.1625,199.16,32.36,Demo Roth IRA
2026-02-15,DEPOSIT,,0,0,500.0,Demo Roth IRA
2026-02-15,DIVIDEND,DEMO-VOO,0,0,49.39,Demo Roth IRA
2026-02-15,DIVIDEND,DEMO-V,0,0,15.47,Demo Roth IRA
2026-02-15,DIVIDEND,DEMO-MA,0,0,17.64,Demo Roth IRA
2026-02-15,DIVIDEND,DEMO-PEP,0,0,32.36,Demo Roth IRA
2026-02-15,BUY,DEMO-VTI,1.5332,293.51,450.01,Demo Taxable Brokerage
2026-02-15,BUY,DEMO-CVX,16.6201,150.42,2500.0,Demo Taxable Brokerage
2026-02-15,BUY,DEMO-VTI,0.14,293.51,41.09,Demo Taxable Brokerage
2026-02-15,BUY,DEMO-JPM,0.24,219.9,52.78,Demo Taxable Brokerage
2026-02-15,BUY,DEMO-HD,0.22,418.33,92.03,Demo Taxable Brokerage
2026-02-15,DEPOSIT,,0,0,3000.0,Demo Taxable Brokerage
2026-02-15,DIVIDEND,DEMO-VTI,0,0,41.09,Demo Taxable Brokerage
2026-02-15,DIVIDEND,DEMO-JNJ,0,0,51.75,Demo Taxable Brokerage
2026-02-15,DIVIDEND,DEMO-PG,0,0,42.1,Demo Taxable Brokerage
2026-02-15,DIVIDEND,DEMO-KO,0,0,21.04,Demo Taxable Brokerage
2026-02-15,REINVESTMENT,DEMO-KO,0.299971,70.14,21.04,Demo Taxable Brokerage
2026-02-15,DIVIDEND,DEMO-XOM,0,0,28.75,Demo Taxable Brokerage
2026-02-15,DIVIDEND,DEMO-CVX,0,0,54.15,Demo Taxable Brokerage
2026-02-15,DIVIDEND,DEMO-JPM,0,0,52.78,Demo Taxable Brokerage
2026-02-15,DIVIDEND,DEMO-HD,0,0,92.03,Demo Taxable Brokerage
2026-02-15,DIVIDEND,DEMO-WMT,0,0,9.89,Demo Taxable Brokerage
2026-03-15,BUY,DEMO-VOO,1.0113,632.82,639.97,Demo 401k
2026-03-15,BUY,DEMO-BND,1.7374,92.09,160.0,Demo 401k
2026-03-15,DEPOSIT,,0,0,800.0,Demo 401k
2026-03-15,BUY,DEMO-VOO,0.7901,632.82,499.99,Demo Roth IRA
2026-03-15,DEPOSIT,,0,0,500.0,Demo Roth IRA
2026-03-15,BUY,DEMO-VTI,1.4778,304.51,450.0,Demo Taxable Brokerage
2026-03-15,DEPOSIT,,0,0,500.0,Demo Taxable Brokerage
2026-04-15,BUY,DEMO-VOO,0.9812,652.23,639.97,Demo 401k
2026-04-15,BUY,DEMO-BND,1.7592,90.95,160.0,Demo 401k
2026-04-15,DEPOSIT,,0,0,800.0,Demo 401k
2026-04-15,BUY,DEMO-VOO,0.7666,652.23,500.0,Demo Roth IRA
2026-04-15,DEPOSIT,,0,0,500.0,Demo Roth IRA
2026-04-15,BUY,DEMO-VTI,1.4185,317.24,450.0,Demo Taxable Brokerage
2026-04-15,DEPOSIT,,0,0,500.0,Demo Taxable Brokerage
2026-05-15,BUY,DEMO-VOO,0.9678,661.31,640.02,Demo 401k
2026-05-15,BUY,DEMO-BND,1.7925,89.26,160.0,Demo 401k
2026-05-15,DEPOSIT,,0,0,800.0,Demo 401k
2026-05-15,BUY,DEMO-VOO,0.7561,661.31,500.02,Demo Roth IRA
2026-05-15,BUY,DEMO-VOO,0.0812,661.31,53.7,Demo Roth IRA
2026-05-15,BUY,DEMO-V,0.0438,346.47,15.18,Demo Roth IRA
2026-05-15,BUY,DEMO-MA,0.0313,581.63,18.21,Demo Roth IRA
2026-05-15,BUY,DEMO-PEP,0.1625,193.7,31.48,Demo Roth IRA
2026-05-15,DEPOSIT,,0,0,500.0,Demo Roth IRA
2026-05-15,DIVIDEND,DEMO-VOO,0,0,53.73,Demo Roth IRA
2026-05-15,DIVIDEND,DEMO-V,0,0,15.16,Demo Roth IRA
2026-05-15,DIVIDEND,DEMO-MA,0,0,18.18,Demo Roth IRA
2026-05-15,DIVIDEND,DEMO-PEP,0,0,31.48,Demo Roth IRA
2026-05-15,BUY,DEMO-VTI,1.3704,328.37,450.0,Demo Taxable Brokerage
2026-05-15,BUY,DEMO-VTI,0.14,328.37,45.97,Demo Taxable Brokerage
2026-05-15,BUY,DEMO-JPM,0.24,254.96,61.19,Demo Taxable Brokerage
2026-05-15,BUY,DEMO-HD,0.22,464.23,102.13,Demo Taxable Brokerage
2026-05-15,DEPOSIT,,0,0,500.0,Demo Taxable Brokerage
2026-05-15,DIVIDEND,DEMO-VTI,0,0,45.97,Demo Taxable Brokerage
2026-05-15,DIVIDEND,DEMO-JNJ,0,0,55.72,Demo Taxable Brokerage
2026-05-15,DIVIDEND,DEMO-PG,0,0,45.07,Demo Taxable Brokerage
2026-05-15,DIVIDEND,DEMO-KO,0,0,19.93,Demo Taxable Brokerage
2026-05-15,REINVESTMENT,DEMO-KO,0.300015,66.43,19.93,Demo Taxable Brokerage
2026-05-15,DIVIDEND,DEMO-XOM,0,0,33.1,Demo Taxable Brokerage
2026-05-15,DIVIDEND,DEMO-CVX,0,0,55.33,Demo Taxable Brokerage
2026-05-15,DIVIDEND,DEMO-JPM,0,0,61.19,Demo Taxable Brokerage
2026-05-15,DIVIDEND,DEMO-HD,0,0,102.13,Demo Taxable Brokerage
2026-05-15,DIVIDEND,DEMO-WMT,0,0,10.92,Demo Taxable Brokerage
2026-06-15,BUY,DEMO-VOO,0.9718,658.58,640.01,Demo 401k
2026-06-15,BUY,DEMO-BND,1.8207,87.88,160.0,Demo 401k
2026-06-15,DEPOSIT,,0,0,800.0,Demo 401k
2026-06-15,BUY,DEMO-VOO,0.7592,658.58,499.99,Demo Roth IRA
2026-06-15,DEPOSIT,,0,0,500.0,Demo Roth IRA
2026-06-15,BUY,DEMO-VTI,1.3431,335.04,449.99,Demo Taxable Brokerage
2026-06-15,DEPOSIT,,0,0,500.0,Demo Taxable Brokerage
2026-07-15,BUY,DEMO-VOO,0.9902,646.31,639.98,Demo 401k
2026-07-15,BUY,DEMO-BND,1.8277,87.54,160.0,Demo 401k
2026-07-15,DEPOSIT,,0,0,800.0,Demo 401k
2026-07-15,BUY,DEMO-VOO,0.7736,646.31,499.99,Demo Roth IRA
2026-07-15,DEPOSIT,,0,0,500.0,Demo Roth IRA
2026-07-15,BUY,DEMO-VTI,1.3402,335.77,450.0,Demo Taxable Brokerage
2026-07-15,DEPOSIT,,0,0,500.0,Demo Taxable Brokerage
2026-08-15,BUY,DEMO-VOO,1.0161,629.87,640.01,Demo 401k
2026-08-15,BUY,DEMO-BND,1.8089,88.45,160.0,Demo 401k
2026-08-15,DEPOSIT,,0,0,800.0,Demo 401k
2026-08-15,BUY,DEMO-VOO,0.7938,629.87,499.99,Demo Roth IRA
2026-08-15,BUY,DEMO-VOO,0.0813,629.87,51.21,Demo Roth IRA
2026-08-15,BUY,DEMO-V,0.0437,391.58,17.11,Demo Roth IRA
2026-08-15,BUY,DEMO-MA,0.0313,655.28,20.51,Demo Roth IRA
2026-08-15,BUY,DEMO-PEP,0.1625,204.35,33.21,Demo Roth IRA
2026-08-15,DEPOSIT,,0,0,500.0,Demo Roth IRA
2026-08-15,DIVIDEND,DEMO-VOO,0,0,51.18,Demo Roth IRA
2026-08-15,DIVIDEND,DEMO-V,0,0,17.13,Demo Roth IRA
2026-08-15,DIVIDEND,DEMO-MA,0,0,20.48,Demo Roth IRA
2026-08-15,DIVIDEND,DEMO-PEP,0,0,33.21,Demo Roth IRA
2026-08-15,BUY,DEMO-VTI,1.3596,330.97,449.99,Demo Taxable Brokerage
2026-08-15,BUY,DEMO-VTI,0.14,330.97,46.34,Demo Taxable Brokerage
2026-08-15,BUY,DEMO-JPM,0.24,226.06,54.25,Demo Taxable Brokerage
2026-08-15,BUY,DEMO-HD,0.22,495.86,109.09,Demo Taxable Brokerage
2026-08-15,DEPOSIT,,0,0,4700.0,Demo Taxable Brokerage
2026-08-15,DIVIDEND,DEMO-VTI,0,0,46.34,Demo Taxable Brokerage
2026-08-15,DIVIDEND,DEMO-JNJ,0,0,57.57,Demo Taxable Brokerage
2026-08-15,DIVIDEND,DEMO-PG,0,0,45.33,Demo Taxable Brokerage
2026-08-15,DIVIDEND,DEMO-KO,0,0,20.39,Demo Taxable Brokerage
2026-08-15,REINVESTMENT,DEMO-KO,0.299985,67.97,20.39,Demo Taxable Brokerage
2026-08-15,DIVIDEND,DEMO-XOM,0,0,25.98,Demo Taxable Brokerage
2026-08-15,DIVIDEND,DEMO-CVX,0,0,45.87,Demo Taxable Brokerage
2026-08-15,DIVIDEND,DEMO-JPM,0,0,54.25,Demo Taxable Brokerage
2026-08-15,DIVIDEND,DEMO-HD,0,0,109.09,Demo Taxable Brokerage
2026-08-15,DIVIDEND,DEMO-WMT,0,0,10.97,Demo Taxable Brokerage
